"Yeah, bought some AAPL $200C and META $610 calls on Friday before close 😆 They printed hard",AAPL,200,Friday,1
#AFRM LONG  $35 strike 3/26 Leaps Rolled from Tesla calls… LFG! ,AFRM,35,3/26,1
"💸 My SPY $588 call is up 1260%! I bought it on May 9th for $0.15 — now it’s worth $10,017.  ",SPY,588,May 9th,1
I got sept for my call because they have something going on on October I believe. I still believe that $10 or 12 call for sept is profitable.,sept,10,October,1
I lost 5K on the $10 call in April which eliminated all gains I made by selling CCs.,CCs,10,April,1
SPY 580 Monday 🦄,SPY,580,Monday,1
I got 25 spy 566 puts @3.70 expiring monday hoping china talks dont turn into an orgy,spy,3.70,monday,1
Meta $605 call exp May 23. ![img](emote|t5_2th52|4267) or ![img](emote|t5_2th52|4276),Meta,605,May 23,1
"what do we think of AMAT? i have a $200 call, expiration 7/18. might buy a few more, already up 150%",AMAT,200,7/18,1
Should I hold my NU june 27th 13.50 calls or sell tomorrow?,NU,13.50,june 27th,1
Have 5/16 $94put for CAVA can someone tell me how are they looking?,CAVA,94,5/16,1
"i might get some Sony $30 Calls expiring friday, purely because my fellow regard and good man above me mentioned it",Sony,30,friday,1
Guy who yolo'd 2M in GOOGL 155 August Calls I think is up already a quarter of a mill. True degen.,GOOGL,155,August,1
Nvda bears sweating bullets  Up $100 on 6/20 140c & holding 138 Nvda shares,Nvd,100,6/20,1
which one of you bought my $50 RH calls for friday? best of luck regard![img](emote|t5_2th52|8882),RH,50,friday,1
Put on Ford 10$ 6/30 exp waiting for dividend payment and empty lots in June,Ford,10,6/30,1
$150 5/9 calls?  In what world was PLTR going to ever hit $150 this week?,PLTR,150,5/9,1
My Roth Leaps are just as bad. Bought a $50 SQ Jan 27 call for $40 oops,SQ,50,Jan 27,1
Nurse my 5/23 $520 SPY puts. I was a little early on these but I’m going down with the ship if I have to. Fuck it. It’s $6k of house money from Liberace Day puts.,SPY,520,5/23,1
I had a $317 GLD call for 5/9 and I sold it today. Fuck me,GLD,317,5/9,1
AMD is such a garbage fucking company.  Useless CEO who couldn’t tell you what a computer is.  The sooner it gets delisted and investigated for FRAUD the better.  $185 June calls loaded.,AMD,185,June,1
May 13 SPY 567P for $14,SPY,14,May 13,1
Welp I bought may 12th $550 spy puts so we’ll see. Already up 10% but with this market it’s gonna be stressful,spy,550,may 12th,1
More GLD 315 5/30 calls in the morning 💪🏼,GLD,315,5/30,1
Well I’m happy I have IWM $250 June 20th calls,IWM,250,June 20th,1
Sold my PLTR put yesterday and bought a $280 Tesla call expiring Friday. Lookin good boys!,PLTR,280,Friday,1
Remember that guy that posted that fever dream write up about turning 30k into 1.5 million by like June 24th on SPY 650 calls,SPY,650,June 24th,1
My pltr puts june $95 is up $100 hahaha. What iv crush 😆,pltr,95,june,1
Entered a new position:  NFLX $1070 Jun 6th Put @ $18  ![img](emote|t5_2th52|53057),NFLX,1070,Jun 6th,1
PLTR 110 5/16 PUTs was the play.,PLTR,110,5/16,1
"2K on Disney 5/9 $90 puts, let's go!",Disney,90,5/9,1
$5 12.5c on geni 5/16 at dip long shot but low risk,geni,5,5/16,1
Amd 90 puts gonna print tonight,Amd,90,tonight,1
HIMS 41 puts exp 5/9..,HIMS,41,5/9,1
How regarded am I for going KSS calls jul - Dec between 7.5 and 10?,KSS,7.5,jul,1
Amd 93 puts friday expiry this earnings?,Amd,93,friday,1
I shorted it to $85 strike price may 30th we’ll see what happens lol should make some money on that already tomorrow,lo,85,may 30th,1
I did same haha May 30th put option strike price $107,haha,107,May 30th,1
$85 5/9 here. let there be mass blood ![img](emote|t5_2th52|4271),im,85,5/9,1
$290 call on May 9.  omg,omg,290,May 9,1
"$PDD 5/09 $105 PUT YOLO  I bought to open 250 $PDD 5/09 $105 Puts. I believe PinDuoDuo will decline this week for several reasons:  * There will not be a reinstatement of the *de minimis* exemption for imports under $800.00 * TEMU has stopped shipping from China to the USA * TEMU has sales on their US Marketplace fullfilled by USA sellers. Where will these US sellers originate their product? * Postal shipments from China and Hong Kong via USPS are subject to $100 flat fee or 120% of the item's value, whichever is higher * Postal shipments from China and Hong Kong via UPS, FEDEX, or a third party  are subject to tariffs 145% of the item's value    TLDR;  PinDuoDuo (PDD) will decline this week to below $105.00 a share. Puts on PDD.",PDD,105,5/09,1
Trying to time when to get off this PLTR roller coaster…I bought $55 01/2026 leaps in October at $40 the prints have been beautiful but I know when it’s time to crash it will burn hard might sell before earnings,PLTR,55,01/2026,1
Why i decided to buy nvda $100 puts for May 16th expiration.,nvda,100,May 16th,1
"Spy put $556 tomorrow, print?",Spy,556,tomorrow,1
I bought my first ever Vix call on Friday. But I was a regard and only bought 1. Up 45% on $222 lol.,Vix,222,Friday,1
How long to hold META ITM 5/30 calls? You think it will hit ~$630 by mid month?,ITM,630,5/30,1
I got 2 UNH 425 5/9 calls for $0.915 average because of some redditor comment on the daily thread lol  Am i gonna be rich 😆 i deserve some sort of award for being gullible 🥴,UNH,425,5/9,1
"I have 9k invested into 5/23 $310 calls , down 2k , bought too high - i sold my spy 548 calls to get into this position 😫😫🫠🫠😭😭😂",spy,310,5/23,1
How fucked am I with these tsla 300$ calls exp next Friday,tsla,300,Friday,1
"PLTR 130 puts expiring next week someone sold worth $4,400,000,  How do we read?",PLTR,130,next week,1
SQQQ 30 calls by June 20th ![img](emote|t5_2th52|58355),SQQQ,30,June 20th,1
I have Nvidia $120 calls that expire 1/26 middle of the month expiration.  Should I sell Monday or hold? ,Nvidia,120,1/26,1
I’ve got a bunch a June QQQ $470 puts myself. Bearish for q2-q3. You got an exit plan for these guys? Hope we print!,QQQ,470,June,1
Made $50 scalping TSLA!   **may 16 puts opened yesterday have lost 30% value**   lol,TSLA,50,may 16,1
Have aapl 212.5c 5/9and  rddt 122c 5/9 please pray for me,aapl,212.,5/9,1
My AAPL $230 5/2 position is starting to look like it might not be the 1000-bagger I was hoping it would be. Looks like the kids will be getting 0 dolls instead of 2.,AAPL,230,5/2,1
Currently Holding SPY 5/23 572.5 Calls up 76%. Do I hold or sell?,SPY,572.5,5/23,1
Sell my aapl $200 5/9 put at open? ![img](emote|t5_2th52|12787)![img](emote|t5_2th52|59440),aapl,200,5/9,1
SPY 585 5/7,SPY,585,5/7,1
TSLA 277.5P May 9.  SELL OR HODL,TSLA,277.5,May 9,1
"RDDT calls seemed expensive: May 30 expiration needed $130 to break-even.   Bought 20 shares instead, seems like a good, undervalued company currently with a market that wants to rip. ",RDDT,130,May 30,1
So 5/9 SPY 560 puts,SPY,560,5/9,1
FCK IT AAPL 202.5C May 16,FCK,202.5,May 16,1
swapped my aapl call  1/26 $225c for nvidia $125 8/15,aapl,125,1/26,1
Honestly QQQ 502 calls for Tuesday are looking juicy as hell right now,QQQ,502,Tuesday,1
Southwest $30 puts 05/16 only $1 right now,Southwest,30,05/16,1
"$NTES $110 6/20 Calls ($50k YOLO)  Hey friends creating a follow-up to my previous post (link below). I still think there is tremendous short-term value in NTES ahead of earnings on May 15th. Only thing I’m slightly concerned of is the White House releasing negative news about Chinese tariffs ahead of BABA/TCEHY/NTES earnings week.  Curious about everyone’s insight, but I will be diamond hands through earnings.  Let’s make some money.  Previous Post: https://www.reddit.com/r/wallstreetbets/s/mkp7Ew06Ta",NTES,110,6/20,1
"I bought Arista Networks ($ANET)  $83 calls on Tuesday when $ANET was trading at $80, expiring next week (May 9) after earnings (May 6, 2025) next week.   Overnight, $ANET went from $80 to $89. I'm holding until after earnings next week. I'll either be up thousands or ... not.",ANET,83,May 9,1
TY $MSFT $460 > $12k 2560% gain overnight  Closed at 9:39am. 15 $MSFT 5/2 430 lottery tickets,MSFT,460,5/2,1
3K GAIN YOLO 80 CALLS on RBLX $72 05/02 SUCCESS!  ,RBLX,72,05/02,1
YOLO 80 CALLS on RBLX $72 05/02!  ,RBLX,72,05/02,1
$169 > $2485 on MSFT 410c 5/2  And I am out  Have a good rest of the day everybody,MSFT,169,5/2,1
"Holding AMZN 5/16 232.5 c, in for 1k its worth about $1500 rn. Do i sell before close or wait another week?",AMZN,232.5,5/16,1
AAPL $202.50 P 5/2,AAPL,202.50,5/2,1
I’m gonna finally cave on these 6/20 $500 spy puts and it’s gonna dump immediately isn’t it ![img](emote|t5_2th52|31225),spy,500,6/20,1
AMZN 200 June calls feel like the easy money,AMZN,200,June,1
"I own Meta call strike 600 expiration June.   It has been dead since weeks.  If this comes back to life, I will not stop laughing.",Meta,600,June,1
Sold all my $425 MSFT May 2 contracts yesterday thinking Microsoft wouldn't move that much 😭,MSFT,425,May 2,1
MSFT 5/2 $425 puts at open. There has to be some profit taking at some point with a 9% gain.,MSFT,425,5/2,1
"So I’m losing on my MSFT 5/2 $425 puts bought at open, but I’ve averaged down to $1.63. All I need is a little dip.",MSFT,425,5/2,1
"Looking at the VIX biggest options trades of the day reveals a huge interest in May and June $32-45 calls, which are pretty far OTM, followed by some almost ITM puts. Very interesting.",VIX,32,May,1
Should i sell my $220 aapl call expiring tomorrow or hold it🤔 hmmmm,aapl,220,tomorrow,1
June 20 AMCR $10 puts only 0.9 right now,AMCR,10,June 20,1
Balls deep into Spy 575 calls for Tuesday.    We just keep going up.   market is resilient and not going lower even as we hurl steadily into a recession.     I have zero confidence in this economy but…. Fuck it… who am I to miss out on riding it higher?,Spy,575,Tuesday,1
SPY $580 calls for Monday ?,SPY,580,Monday,1
AAPL earnings makes me want to sell my SPY $565 calls for 5/13. I'm feeling froggy though.,AAPL,565,5/13,1
"I got calls for meta 620 5/9, not far enough out? Or to high of a call?",meta,620,5/9,1
"I am highly unknowledgeable about the details of any of that beyond a surface level. In my opinion, amazon has a more diverse array of products and logistics. They can figure out this china thing. Largest store in the world.      Apple makes everything in china, is already overpriced, and the last 10 years of a new phone every 6 months has elicited consumer fatigue. Their other ventures lose money, and they can't maneuver through the tariffs like amazon can.      I have $1000 in AMZN 5/16 232.5 c   $500 in APPLE 5/9 170 p .   Either burning money or paying for kids school no in between.",AMZN,232.5,5/16,1
Yessir 187.5p for 5/16 I'm printing baby,Yessir,187.5,5/16,1
Bought 17 5/2 Amazon 210 calls at .54 each. Fingers crossed,Amazon,210,5/2,1
These June $200 strike Tesla puts are getting heavy,Tesla,200,June,1
Imagine buying INTC $30 6/20 lottos thinking they'll print ![img](emote|t5_2th52|4271)![img](emote|t5_2th52|4271)![img](emote|t5_2th52|4271)  ![img](emote|t5_2th52|31225)![img](emote|t5_2th52|31226),INTC,30,6/20,1
I have spy 539 puts expiring tomorrow. I feel like I'm fuk,spy,539,tomorrow,1
Should i sell my GOOGL 300$ 12/18/26 Calls i bought a few weeks ago at open?? Or let these tendies cook from here!🫡🫡,GOOGL,300,12/18/26,1
Bought some intc $18.5P 4/25 right at close. Maybe they’ll print.,intc,18.5,4/25,1
My 5/2 GLD $310 calls are now in the money. ![img](emote|t5_2th52|8883),GLD,310,5/2,1
I'm very glad i got out of my TSLL 5/2 $8 put with just a 69% loss and put that into calls considering it's at $9.19 rn,TSLL,8,5/2,1
My Googl 170 calls are gonna print tomorrow!             Because they’re for 5/16,Googl,170,5/16,1
*check this shit out*   !banbet SPY 515 5/3/25   *backflips off building*,SPY,515,5/3/25,1
"I bought calls for KR $70 02 May, Strike $2.86  People better buy groceries this weekend.",KR,70,02,1
Too late for Google call for $200 5/2?,Google,200,5/2,1
I bought $540 SPY puts for Monday. How cooked am I?,SPY,540,Monday,1
Will my BABA puts be saved? Expires 5/9 break even is $113. Currently down 34% 🤔,BABA,113,5/9,1
SPYX puts 5/16 at $41,SPYX,41,5/16,1
"Gonna but google calls $200, expiring may 2, thoughts? 0.13 today on RH",R,200,may 2,1
"That's smart, i got a VIX 32 call for 7/16 today for $207 and it'll probably be even cheaper tomorrow",VIX,207,7/16,1
Spy $555 call for 5/1,Spy,555,5/1,1
You already have a bet going - SPY to 520.0 before 26-Apr-2025 06:28 AM -05,SPY,520.0,Apr-2025,1
You already have a bet going - SPY to 550.0 before 26-Apr-2025 02:44 AM -05,SPY,550.0,Apr-2025,1
You already have a bet going - SPY to 460.0 before 26-Apr-2025 03:15 AM -05,SPY,460.0,Apr-2025,1
You already have a bet going - SPY to 420.0 before 18-Jun-2025 02:47 PM -05,SPY,420.0,Jun-2025,1
"![img](emote|t5_2th52|59440) Dude you just made my weekend! All in $35.00 strike calls expiring May 16th, 2025",im,35.00,"May 16th, 2025",1
"Yeah I missed out on millions after my $88k worth of SMCI March $50 calls that I paid $12k for went worthless after 🥭’s tariffs. The stock went from $65 with the lingering uncertainty of their delayed filing getting reported to regain Nasdaq compliance, to $35 now after they filed on time and regained compliance. Not to mention the fact that they’re the most domestically sourced company in their sector. Now make that make sense. ![img](emote|t5_2th52|31226)",SMCI,50,March,1
"I brought some $55 5/2 calls for Hood two days ago, based off a random post I saw here.   My first really option play, but I am wondering what the move should be?  What is your speculation on the price movement for HOOD next week?",Hood,55,5/2,1
We’re on the brink of World War III and you retardos can’t stop talking about stocks.  HOOD $60 5/2,HOOD,60,5/2,1
I held spy $560 5/9 calls over weekend. So many mixed messages. 😐 also any crazy plays to Monday morning?,spy,560,5/9,1
"Waiting for pullback Monday, then going to do something stupid like buy 50 qqq $490 may 5",qqq,490,may 5,1
Bols R fuk'd SPY 450 June 1st Change My Mind.,SPY,450,June 1st,1
Are my 5/1 spy 564 calls gonna print Monday?,spy,564,5/1,1
"Sold my 257.5 4/25 TSLA options yesterday for a loss, figured they'd have been theta decayed to death today, fucking things x2 today.. I swear I can't win.",TSLA,257.5,4/25,1
You already have a bet going - SPY to 480.0 before 30-Apr-2025 11:16 PM -05,SPY,480.0,Apr-2025,1
You already have a bet going - SPY to 520.0 before 25-Apr-2025 10:08 PM -05,SPY,520.0,Apr-2025,1
Still holding my $140 AMD calls (exp. sep19th) I strongly believe we will see 120-140$ in 2-3 months.  I posted about this Monday. I really believe the bottom is in for $AMD massive rally coming (in my opinion) ,AMD,140,sep19th,1
Yieldmax CRSH 5/16 p6.00,CRSH,6.00,5/16,1
Your Tesla puts are about to get cooked the next 2 weeks. $325 call for mid may,Tesla,325,mid may,1
"Palantir (PLTR) is way overbought. 80+RSM on low volume, less than 8% off all-time highs and we are not in an all-time high environment.  I bought May 16th $100 Puts, going to add to the position on Monday if it goes up, or sell it if profit > 25%.",PLTR,100,May 16th,1
My lonely 3 5/9 $150 RDDT calls are crying tears of joy rn  Edit: guys…do we really think the stock is gonna stay static at $140 tomorrow lol??  2nd Edit: 🙃,RDDT,150,5/9,1
"Im thinking 2-3 week out SPY $520 puts , anybody wanna give me validation?",SPY,520,2-3,1
I am up 60% on my $9 SNAP calls expiring 5/2. Is it safe to hold or would you guys take the profit and live to see another day?   I feel like SNAP is a stock that can jump 20-30% on a good ER,SNAP,9,5/2,1
How are you guys feeling about the FOMC Conference? I have SPY 552 puts expiring Monday,SPY,552,Monday,1
Got JBLU $4 calls for 05/02  I feel like it can go to 4.5 after earnings easily,JBLU,4,05/02,1
"Is Reddit a guaranteed winner for earnings? To break even on the May 2nd $122 call, RDDT must increase by 8% in 4 days.",RDDT,122,May 2nd,1
Will my AAPL 187.50 5/16 put print tomorrow?,AAPL,187.50,5/16,1
HOOD $60 5/2 too high of a strike?,HOOD,60,5/2,1
"LOL, bought puts $80 5/9. It's too low but let see.",LOL,80,5/9,1
"For what it's worth, I had ABNB $100 puts expiring May 16 but I opened them almost 1.5 months ago. I saw them rise to +300% during the tariff fiasco and now they're back down to -50%. No cost basis for me for these remaining contracts since I took profit along the way, but I think it might have room to fall back down if earnings and guidance are bad.  But then again, market's irrational (see TSLA)",ABNB,100,May 16,1
I dropped $3000 on spy 520 puts expiring tomorrow do you guys think I’m fucked?,spy,520,tomorrow,1
quite pleased going into tomorrow with this:     SPY $480 Put 5/16  SPY $520 Put 5/2  SPY $550 Call 4/24,SPY,480,5/16,1
Norway wealth fund $40 bil loss excluding April ![img](emote|t5_2th52|4267)![img](emote|t5_2th52|4271) obliterated,im,40,April,1
Snap earnings come out next week and huge spike in $11 5/16 calls. Anyone in on that?,Snap,11,5/16,1
What you guys think about December $550 spy puts?,spy,550,December,1
"Got into some $500 SPY put for Monday before the market closed, is there a chance?",SPY,500,Monday,1
You already have a bet going - AAPL to 192.0 before 26-Apr-2025 10:36 AM -05,AAPL,192.0,Apr-2025,1
You already have a bet going - SPY to 530.0 before 25-Apr-2025 07:03 AM -05,SPY,530.0,Apr-2025,1
You already have a bet going - SPY to 530.49 before 24-Apr-2025 10:13 AM -05,SPY,530.49,Apr-2025,1
bought NVDA $118 Calls for 5/23 when it was $95 for .67cents each and bought 6200 of em might be the greatest finanical decision ive made since buying LUNR at $4,NVDA,118,5/23,1
!banbet TSLA $250 5/16,TSLA,250,5/16,1
Bought 2 $280 Tesla puts expiring June cause this pump don’t make sense,Tesla,280,June,1
I bought a GOOGL $180 call that expires on 5/9...am I cooked???,GOOGL,180,5/9,1
"After being down 50% for weeks, my 3.5$ BBAI 2026 calls are making a profit. The only problem is that there's no way I'm settling for a 10% gain. +50% or -100% no in-betweens!n![img](emote|t5_2th52|27421)",BBAI,3.5,2026,1
I’m recommending the ABBV 180 calls for May 16 if you wanna chase here,ABBV,180,May 16,1
"My SPY $560 Calls are gonna expire worthless on Monday, aren’t they?",SPY,560,Monday,1
Reloading September Tesla puts at $270,Tesla,270,September,1
Should I sell my goog 170 friday calls at open or wait,goog,170,friday,1
Bought a Hood 60 call for 5/2 for $46 🤔,Hood,46,5/2,1
I sold my 4/30 spy $525 calls yesterday. way too early ![img](emote|t5_2th52|31225),spy,525,4/30,1
Diamond handing these GOOGL 146 5/9 puts,GOOGL,146,5/9,1
"Hey guys I got some puts $30 out of the money on spy expiring Monday, what’s a good reposition?",spy,30,Monday,1
Was super hard gay but yolo'd TSLA 280c Apr 25 @ $265 bc fuck me. Closed at $277. Fuck TSLA,TSLA,265,Apr 25,1
nvda 120$ calls expiring 5/9 are stupid cheap,nvda,120,5/9,1
Polling the smartest people in the room. Hold or Sell my MSTR 1080 strike calls Jan 2026 expiry into the weekend?,MSTR,1080,Jan 2026,1
5/16 $55 HOOD calls…. Up 50% do I sell?,HOOD,55,5/16,1
"Loaded calls for may 16 on Nana - 19.8 looked like a strong support , hoping for a bounce back to 23 zone",Nana,19.8,may 16,1
holding my badly bruised may 5 515 spy puts ![img](emote|t5_2th52|4276),spy,515,may 5,1
"If any one was wondering the APR 25 2025 $155 Calls for GOOG opened at about $12.14 today.    They traded at about $8.95 at noon and closed at $8.97       So OP would have made $187,200 if he sold at open and $91,500 if he sold at noon",GOOG,155,APR 25 2025,1
Dropped $10k on December $550 spy puts,spy,550,December,1
"Looking to be hurt again, 3x SPX 5/5 5450P @82.81 looking to take these into tomorrow unless sour hour is really spicy",SPX,82.81,5/5,1
$200 google call exp 5/2? Thoughts?,google,200,5/2,1
Only down $50 on puts today lol  After saying i was never doing options again  My VIX call for july will print i have faith,VIX,50,july,1
"Bullish on sofi. 50, 13.5 calls for 6/20 .61 average",sofi,13.5,6/20,1
"Bought 9 04/28 Spy 545 Puts 10 minutes ago.   Think we will continue to see volatility, so trying to time when it peaks before dropping 2-5% and taking profits, vice versa on way up. ",Spy,545,04/28,1
"Uber $85 call for 5/16, see you nerds in Cancun",Uber,85,5/16,1
load 4/25 SPY puts at 3:59 or $550 whichever comes first,SPY,550,4/25,1
Bought 10k worth of $55 IBIT calls expiring 6/20 🌽 better pump,IBIT,55,6/20,1
my 4/25 soxl 12 call teasing me innit,soxl,12,4/25,1
Got $50 CMG July calls.  Hold or sell at open?,CMG,50,July,1
You already have a bet going - GOOGL to 200.0 before 28-Apr-2025 10:48 AM -05,GOOGL,10,Apr-2025,1
You already have a bet going - SPY to 530.0 before 24-Apr-2025 11:20 AM -05,SPY,530.0,Apr-2025,1
You already have a bet going - SPY to 520.0 before 29-Apr-2025 10:17 AM -05,SPY,520.0,Apr-2025,1
If this meme stock SPY hits 550 I’m going full port into July $530 puts,SPY,530,July,1
My August $200 goog calls are looking lovely,goog,200,August,1
HOOD EARNINGS 4/30  $100 BY JUNE ,HOOD,100,4/30,1
I’m riding my last SPY 555 C 4/25/25 until EOD fuck it. +$1800 profit taken today,SPY,1800,4/25/25,1
TSLA $547  5/2 expiry PUTS WILL PRINT HARD,TSLA,547,5/2,1
Bought spy 525 puts for friday. Feeling good,spy,525,friday,1
Can anyone tell me what ET $17.50 calls exp 4/25 are opening at based on pre market movement of stock? Closed yesterday about .06 cents,ET,17.50,4/25,1
QQQ 4/24 444 p anyone?,QQQ,444,4/24,1
"Archer May 02 $8 puts at like 30 cents right now, free money on the table",Archer,8,May 02,1
Short SPY LEAP Put 3/31/26 $600 strike.,SPY,600,3/31/26,1
Well... I guess the odds my Friday $50 TQQQ covered calls just dumped a bit.  Someone is sweating holding those contracts though. ![img](emote|t5_2th52|8883),TQQQ,50,Friday,1
"Holy fuck the dumpster is the ticket   Market Summary    >    Wendy's Co   12.70 USD   +12.14 (2,166.96%)all time   Apr 23, 2:55 PM EDT •",EDT,12.70,Apr 23,1
Man you’re giving me hope for my 5/16 $470 SPY puts.,SPY,470,5/16,1
$140 Sept 19 $AMD Calls  Down close to 1K right now. But I believe these will pay 40-50K USD in 1-2 months. Lets see it.,AMD,140,Sept 19,1
I bought $35k of SPY Dec 19 calls at a $760 strike. This is the best opportunity since COVID.,SPY,760,Dec 19,1
Take $2k and buy GME June $25 calls lol,GME,25,June,1
!banbet BABA 125 4/25,ban,125,4/25,1
Facts - I have $35k on SPY Dec 19 calls at an average $780 strike. One tweet from Trump that we've made a deal with China and the market will skyrocket,SPY,780,Dec 19,1
I have tsla put 252.5 exp 5/2 we’re still holding right?,tsla,252.5,5/2,1
Tsla YOLO  95k on Tesla $200 calls 3/26 exp  ,Tsla,200,3/26,1
$350k in Aug TSLA $180 puts opened,TSLA,180,Aug,1
TSLA Jun $150/$200 Put Spread. Inverse me if you want to make money...,TSLA,150,Jun,1
Bought spy 515 puts for friday,spy,515,friday,1
"My tsla 2026 puts value is $460 a contract, prob a sign to sell while im up.",tsla,460,2026,1
Bought 30 puts SPY 515 April 28e,SPY,515,April 28,1
"Chat, why should I not buy 5/16 $210 puts for TSLA",TSLA,210,5/16,1
My Intel $15 puts will be good right? For april 24?,Intel,15,april 24,1
"maybe im a regard, NVDA 110 5/2 calls.. down when NVDA is up 2% ... help?",NVDA,110,5/2,1
Just loaded up on Tesla 235 5/2 puts.  💰,Tesla,235,5/2,1
I Bought an ETHU call for $2 before the 20-1 consolidation on Wealthsimple for a sept19th expiry.  What happens to the contract now cause it hasn’t been updated for an over a couple weeks do I just lose all the money ?,ETHU,2,sept19th,1
Are my BABA puts cooked? 🧐🧐 $127 5/19 bought them before this pump. What was the pump about anyway?,BABA,127,5/19,1
Sold my friday 515 puts for $500 gain. And sold some of my crazy tsla options. Kept 1 crazy 170 out and 1 300 call as lottery tickets,tsla,500,friday,1
Are 5/2 $300 TSLA calls the move? ![img](emote|t5_2th52|12787)![img](emote|t5_2th52|12787),TSLA,300,5/2,1
sold my NFLX 4/25 1050 calls made a teeny profit.  next 2pm puts for the inevitable sell off tomorrow. because we just keep inversing on a daily,NFLX,1050,4/25,1
You already have a bet going - SPY to 505.0 before 26-Apr-2025 11:43 AM -05,SPY,11,Apr-2025,1
You already have a bet going - GOOGL to 185.0 before 23-Apr-2025 06:58 PM -05,GOOGL,185.0,Apr-2025,1
You already have a bet going - SPY to 550.0 before 29-Apr-2025 08:45 AM -05,SPY,550.0,Apr-2025,1
I bought $100 SPY puts last Friday and saved the market. I do think bois should come say thanks me,SPY,100,Friday,1
I bought May 30th 595 calls when SPY was at 490 to flip  when the market spiked a little. Never imagined they might actually print. What a time to be alive.,SPY,595,May 30th,1
Fat fingered NVDAp 121 5/23. Pray for me,NVDAp,121,5/23,1
Googl above $160 would be great for my June calls,Googl,160,June,1
ChatGPT told me it’s not a bad idea to hold on to my 5/23 $610’s lol,ChatGPT,610,5/23,1
I like the NIKE June 20 65 calls   I believe the stock will clear 80 dollar,NIKE,65,June 20,1
"Bought a Tesla $320 call Friday before close, fucker is is in the money already. Should have bought more.",Tesla,320,Friday,1
How are my 6/6 SPY 570 calls looking?,SPY,570,6/6,1
Google calls $165 end of week?,Google,165,end,1
Are $HIMS $70 5/30 possible?,HIMS,70,5/30,1
Finally closed my 300 WY 5/16 $26 calls this morning at $1.25 with a average cost of $0.25. Life is great! And fuuk Googl,WY,26,5/16,1
RGTI 11.50c 05/16  20% short interest,RGTI,11,05/16,1
Real question is $googl may23 $160 call a play?,googl,160,may23,1
Really questioning if I sell my AssTits $20 calls for Jan '26 or not. Its right in that bread basket,AssTits,20,Jan '26,1
I sold my SPY 579 5/16 calls too late then too early 🤡 it's ok though i made money and broke even on options pretty much,SPY,579,5/16,1
"Notable options trades in the VIX:   * 40000 x $25 call, exp 8/20/25 * 32300 x 18 put, exp 5/21/25",VIX,25,8/20/25,1
AT&T calls are super cheap btw   Got some for $29 6/13 for $0.14 each,btw,29,6/13,1
getting 5/16 SPY 575 puts,SPY,575,5/16,1
"Friday I bought some june 6 571 calls that are itm now obviously, question is do I hold these or sell at open....",itm,571,june 6,1
lol are my $200 tsla September puts done for?,tsla,200,September,1
6/6 SPXS $5 puts are going for $1.00. I got two far before the price changed finally.,SPXS,5,6/6,1
Take the L on my $200 September TSLA puts or hold?,TSLA,200,September,1
5/16 162.5c on googl should I hold?,googl,162.,5/16,1
"Does GOOGL $160 call 5/30 have any upside? Can GOOGL hit $165, which was the previous value before the fake apple news.",GOOGL,160,5/30,1
MSTR PUTS for the win.. got a bunch of $375 puts expiring 9/15,MSTR,375,9/15,1
"Really wished I would have picked up 5/16 $160 Googl calls, they were dirt cheap",Googl,160,5/16,1
QQQ 498 5/14 put 💡💡💡,QQQ,498,5/14,1
threw $6k at $5 5/30 P make me rich plz,pl,5,5/30,1
Bought $170 tsla puts expiring on friday.   How retarded am I?,tsla,170,friday,1
I'm buying $SOFI 4/25/2025 $12.00 Calls @ open on 4/22,SOFI,12.00,4/25/2025,1
SPY 485 puts expiring 4/30 am I regarded?,SPY,485,4/30,1
"Lord jeebus, please let me TSLA puts print.   TSLA puts avg entry 2.5$, expiration 6/20, strike 100 ![img](emote|t5_2th52|4267)![img](emote|t5_2th52|31225)",TSLA,2.5,6/20,1
"Keeping my SPY puts hoping to recoup some value ($512 exp 4/22), but depending how market opens may double down on this. Also debating loading up on more TSLA puts because I'm a degen     TSLA $210 puts exp 5/2",TSLA,512,4/22,1
TSLA $350c 06/20 for ER tomorrow AND Sell $7 puts 05/16 for TSLL,TSLA,7,06/20,1
SPY puts at $370 4/25.,SPY,370,4/25,1
I too am retarded (spy $513 C 4/24),spy,513,4/24,1
Guys look tsla is down after hours are my September $200 puts saved? Lol,tsla,200,September,1
TSLL $10 puts for 6/27,TSLL,10,6/27,1
I'm gonna try to get some TSLL $10 puts for 6/27. There's no way this pump lasts a month.,TSLL,10,6/27,1
I hope my $605 SPY 5/16 calls and $140 NVDA 5/16 calls print ![img](emote|t5_2th52|8883),SPY,605,5/16,1
buy 193.50 CALL AMZN @ June18'26,AMZN,193.50,June18'26,1
Should I closed my September $200 Tesla puts?,Tesla,200,September,1
FUCK I was gonna get some 5/30 $210 COIN calls before close just because but forgot,COIN,210,5/30,1
UNH $340 6/20,UNH,340,6/20,1
I'm all in on GOOG 170 calls expiring this Friday,GOOG,170,Friday,1
Any more room for downside? I have 5 puts UNH 5/30 $200 I bought for 2.80 and I am getting fucking wrecked.,UNH,200,5/30,1
Would be nice though.  I bought a few shares even back when it was at $176 July of last year thinking it would go up more.  Only reason I'm at -$500 unrealized gains on my AMD investment is due to some $57 purchases in 10/22.  Considering how crazy the stock market is I could see it easily hitting $200 before the expiration of those calls though I also see it just as likely it drops back to $50.,AMD,176,10/22,1
SPY casually dropping $7 after market on Friday.. while having $610 calls expiring next Friday,SPY,7,Friday,1
My boner is going to show all weekend knowing I have 6 spy 594 puts expiring Monday,spy,594,Monday,1
"Please die, I need my Jun 30 SPY 580 p back to life",SPY,580,Jun 30,1
Thanks to whoever just bought my 16 $600 may 30th $SPY calls right at close,SPY,600,may 30th,1
"Spy 593 puts expiring Monday need to print to save my port, so they def won't. You're welcome bols",Spy,593,Monday,1
Getting so cross fade-osed barbadosed tonight in honor of my soon to be fallen 5/23 SPY 595 and 600 calls.,SPY,595,5/23,1
sold my 592 5/19 puts at close![img](emote|t5_2th52|31226),im,592,5/19,1
"Right b4 close yesterday, at 3:59PM, I had the brilliant idea to sell puts on TSLY: 9P 6/20 for $65 credit. 🤦‍♂️",TSLY,65,6/20,1
Bought NVDA  $150 calls for 5/23 @ $0.22   That's got to be a steal.,NVDA,150,5/23,1
SPY $450 September 2025,SPY,450,September 2025,1
Held my 6/20 $12 LUNR call into the weekend instead of taking 80% profit ![img](emote|t5_2th52|8883) and didn't sell calls on my 100 shares of it either lolz,LUNR,12,6/20,1
"Bears paid moodys a lot of money to downgrade so that their $100 puts will print, it’s embarrassing   🥭will tweet saying moodys is a disgrace & us in good hands, markets will go up on Monday",moody,100,Monday,1
I recommended the June 20 IWM 209 puts today   Shit gona print so hard Monday 🥵,IWM,209,June 20,1
Save me 🥭 you are my only hope I have $22544 in spy calls expiring Monday ![img](emote|t5_2th52|4640),spy,225,Monday,1
Someone please tell me my TSLA 380 May 30 calls will be okay. it has to rally into the robotaxi event right? RIGHT?!!,TSLA,380,May 30,1
"7,125% on a $25 UNH 270p last week. Bought Tuesday when it was at 311, sold at 255. Excluding that? 300% when we nearly hit a CB on 04/10",UNH,25,04/10,1
You already have a bet going - SPY to 520.0 before 10-Jul-2025 04:21 PM -05,SPY,520.0,Jul-2025,1
"Sold my NVDA 110 5/16 call for 50% loss to ""recoup some of my investment"" and because i thought things were gonna keep getting worse  Would have been an 8 banger EZ  I've let bigger bets expire worthless so idg why i was so stupid",NVDA,110,5/16,1
I’m not a fan of buying shares in my gambling account. It takes too long to make a profit. Shares are dumb lol.  I am buying and holding RKLB shares forever in 2 different accounts. One for me in my trad IRA and one for my 8 yo niece in her own minor investment account. She can’t touch it until she’s 18.   I think Oct 15 $25 calls are gonna print hard if you get them in the trough.   I’m also trying to buy $25 Jan 2027 calls right now. Price just keeps climbing and my limit orders never fill lol.,RKLB,25,Oct 15,1
30 Goog  162 calls ending 23/05 I took profit at 170,Goog,162,23/05,1
Why now idiot? I brought my casa $60 calls last Friday,casa,60,Friday,1
Closed some July $160 NVDA calls for a small profit at $52 apiece about a month ago. They’re worth almost $300 apiece now. Lesson learned. Never take profit because x5 or more is a guarantee and the market will never ever pull back ever.,NVDA,160,July,1
Will my SPY $600 May 23 calls print ![img](emote|t5_2th52|8883),SPY,600,May 23,1
"Ok, that's it, I'm fucking full porting puts. This is the most ridiculous market move in history. Tarriff talk this weekend, or fucking tax bill drama, there is no fucking way it rips higher next week.  QQQ 6/6/25 $510 puts",QQQ,510,6/6/25,1
I bought 1 5/16 $3 AMC call at $2.82 because I had $3 in my Robinhood account and it moons when everything else crashed this week,AMC,3,5/16,1
Already got some monthly UNH calls yesterday but will probably do some degen like $350 5/23 today ![img](emote|t5_2th52|8882),UNH,350,5/23,1
"Should I hold nvda 120 puts , may 30 expiry or should I just kms",nvda,120,may 30,1
7/18 $480 UNH,UNH,480,7/18,1
full porting into tesla put @$250 6/27,tesla,250,6/27,1
Bbai call for 2027 .5 worth $320?,Bbai,320,2027,1
My TSLA $372.5 Call expiring 5/23 is down over 20%.  Elmo will talk about leaving DOGE Tuesday. End game TSLA,TSLA,372.5,5/23,1
IWM 209 Put June 20   Will print,IWM,209,June 20,1
Do I sell my spy 589 put for Monday,spy,589,Monday,1
UNH 16 Jan 26  $800 calls,UNH,800,Jan 26,1
Full ported RDDT $125 for June,RDDT,125,June,1
UNH 290 puts 4/23 looking juiced,UNH,290,4/23,1
Qqq 425 strike expiring Monday what do I do?!?!,Qqq,425,Monday,1
Up 90% on a LUNR $12 call exp 6/20![img](emote|t5_2th52|12787) and thinking of selling calls on my own LUNR 100 shars,LUNR,12,6/20,1
5/23 SPY 610 calls are pretty cheap,SPY,610,5/23,1
Just bought 5 more UNH 400 calls for July 18th I am approaching full regard on this,UNH,400,July 18th,1
Should i cut my 20% losses on my nvda $143 calls exp next Friday ![img](emote|t5_2th52|12787),nvda,143,Friday,1
"luigi bought 10,000 UNH 300 6/2025 puts for $0.01 per contract in 2023",UNH,300,6/2025,1
My UNH Jan $300 calls are up $30% from just today,UNH,300,Jan,1
"bought UNH $250 May 16 puts, am i regarded?",UNH,250,May 16,1
Mstr 5/30 $420 calls 👍,Mstr,420,5/30,1
"Bruh, the volume on 5/16 $410put for UNH is ungodly",UNH,410,5/16,1
Got UNH call one each for $410 strike expiring 08/15 and 09/19. Wait and see,UNH,410,08/15,1
Just waiting for my AMD Covered Call 5/30 $118 to print,AMD,118,5/30,1
Will be 615 30/05 hit?![img](emote|t5_2th52|8883),im,615,30/05,1
looking at these spy $280 june 18 ‘26 puts and can’t help but be a little tempted,spy,280,june 18 ‘26,1
The LUNR $12 call for 6/20 I bought when it dipped today was up 36% at close because LUNR was at $11.85 ![img](emote|t5_2th52|8883),LUNR,12,6/20,1
"C'mon m8, we both know that you're not going to stop. The first step is to accept it ![img](emote|t5_2th52|59440)  Here, I'll tell you my stupid next play, so that you can inverse me: will buy $400 UNH calls expiring August at open. Reason? Well, I have a very strong urge to FOMO into UNH puts, but I know I'm regarded, so I inversed myself.",UNH,400,August,1
Literally everyone on this sub told you to just fomo and buy SPY 590 weekly calls after it already went up $25 in 2 days,SPY,25,weekly,1
"So what, deep $400 calls in June for UNH? or $180 puts in june?",deep,400,June,1
Bought two more UNH puts. Printing. Two more 2026 leap $500 UNH calls. Also printing.  COIN calls next? 🤌🏼,UNH,500,2026,1
"the volume on Adobe calls is insanely low, strike $495 exp 8/15",Adobe,495,8/15,1
UNH 10 strike June free money?,UNH,10,June,1
"I got scared on my $360 June 20 puts (that were in the red for a minute), sold off last week as soon as it turned green for essentially breakeven.....got fomo this week and yolo'd back into UNH $250 puts at the open.......UNH is the gift that keeps on giving lol",UN,360,June 20,1
SPY $605 May 22 is the play,SPY,605,May 22,1
May 23 spy 610 calls ‼️‼️,spy,610,May 23,1
Holding some $310 Tesla puts as lotto for tomorrow,Tesla,310,tomorrow,1
Can anyone see put prices for unh 270 expiring tomorrow?,unh,270,tomorrow,1
"I’m so glad I rolled into SPXS 6/13 $5 puts instead of holding on 6/6’s.  Who am I kidding, none of them are gonna print. ![img](emote|t5_2th52|52627)",SPXS,5,6/13,1
Bought a 6/20 Lunr $12 call for $0.86  Up 11% so far ![img](emote|t5_2th52|8883),Lunr,12,6/20,1
Selling AMD $120 covered call 5/30. The easiest money there is broskis ![img](emote|t5_2th52|4276),AMD,120,5/30,1
Amzn 210 5/23. DD? Never heard of her.![img](emote|t5_2th52|31224),Amzn,210,5/23,1
Someone just bought 1000 MSTR $115 puts for 5/30 lmao,MSTR,115,5/30,1
6/20 $350 UNH CALLS FOR SHORT SWING,UNH,350,6/20,1
My May 16 OXY 37.5 puts just woke up... that's interesting...,OXY,37.5,May 16,1
"the 5/25 $520 QQQ calls I bought yesterday printed today which was nice.  definitely didn't pay 0.10 for them though, lol",QQQ,520,5/25,1
Positions? I've got TSLA $210 P 12/19  Pretty confident it will dip to 300 but i might paper hand it there..,TSLA,210,12/19,1
"Lost all my money on like 9 different TSLA puts. Just sent my last $1800 01/2026 $400 Calls, LETS RIDE",TSLA,400,01/2026,1
"$htz seems like an L. You got rugged by Ackman. UNH $500 calls less than a year out is super ballzy, I think 2 years is needed at least, especially with the recent guidance saying 2026 is recovery mode.",htz,500,2026,1
212.5 5/30![img](emote|t5_2th52|31224),im,212.5,5/30,1
Today I bought a few UNH 287.5P expiring this Friday.  This small win should finally give me the confidence needed to full port into some really fucking stupid position & lose it all again.,UNH,287.5,Friday,1
Those friday UNH 315 calls I bought before close are worthless. May as well have just set that $ on fire. Fuck!,UNH,315,friday,1
unh $350 june still good.  still good.  everything is fine.  ![img](emote|t5_2th52|31225),unh,350,june,1
Ok boys serious question:  I have 80 contracts for UNH 5/16 $290 put that I bought today for $70 each.  Should I hold tomorrow for a while to see if it falls further? Do I sell immediately at open?  ![img](emote|t5_2th52|12787) What do y'all think?,UNH,290,5/16,1
I inversed myself. I bought June TSLA $400 calls,TSLA,400,June,1
"Tomorrow I am buying may 30th put @$305 on unh I honestly believe I might make about $100,000 I'm putting in about $17,000 wish me luck",unh,305,may 30th,1
Thoughts on if I should sell or hold my csco $62 calls tomorrow morning?,csco,62,tomorrow,1
Call or outs on spy tomorrow I got a 595 call exp Friday am I cooked,spy,595,tomorrow,1
Is it 🌈 that I bought nvda puts at close? $130 5/16 ![img](emote|t5_2th52|59440),nvda,130,5/16,1
U wish  Jan 2026 Call 100 strike  15 contracts strong  Cheers from west Africa  🦅,U wish,100,Jan 2026,1
"\> Also holding 15 IBIT $70 calls expiring 9/19 as well     So let me get this straight: you're betting on a proper, dotcom-esque crash and you think fake internet money isn't going to be the absolute first thing collectively dumped by everyone holding it?",IBIT,70,9/19,1
Gimme NVDA $140 16/5 and Ill drown myself in coke![img](emote|t5_2th52|4271)  Otherwise Ill just drown myself![img](emote|t5_2th52|4267)![img](emote|t5_2th52|52627),NVDA,140,16/5,1
Going all in on SPY 600 calls for Friday,SPY,600,Friday,1
Made 100% profit on my OKLO $37 6/27 call ![img](emote|t5_2th52|8883),OKLO,37,6/27,1
595 SPY call exp. Friday? Will it hit or miss?,SPY,595,Friday,1
Spy 5/15 $590,Spy,590,5/15,1
No one wanted to buy my SMCI 37 call 5/16 for 0.5 on Monday was a blessing,SMCI,37,5/16,1
What’s up with the SPY dip? Will it keep rallying this week. I got a 595 call exp Friday am I cooked,SPY,595,Friday,1
"Banked 22k in profit today and immediately dumped it all into Aug $140 RDDT calls.  Let's go bby, I know you can hit over $200 again soon ![img](emote|t5_2th52|12787)![img](emote|t5_2th52|18630)",RDDT,140,Aug,1
SPY $600 expiration Friday? Hit or miss?,SPY,600,Friday,1
Hold NVDA 143 5/23 calls that are up 24% ? ![img](emote|t5_2th52|12787),NVDA,143,5/23,1
"Hmm, I am up 158% on Jan 2026 $40 SMCI calls. HODL or sell?",SMCI,40,Jan 2026,1
UNH  $400 CALLS UP DOE 12/19 gonna make me rich,UNH,400,12/19,1
SPY 595 exp Friday? Hit or miss?,SPY,595,Friday,1
Oh boy somebody just bought a lot of NVDA 70 puts for October,NVDA,70,October,1
TLT 86c filled June 6 1.05,TLT,1.05,June 6,1
A 6/13 TSLA 400 call is calling my name ![img](emote|t5_2th52|4276),TSLA,400,6/13,1
What do you guys think about a $400 UNH call for August?,UNH,400,August,1
Bought NVDA 143 5/23 calls and will not be selling them for a loss (like i did my  5/16 110 call before it became a 7 bagger had i held),NVDA,143,5/23,1
Amazon $218 by 5/16 $220 by 5/23,Amazon,218,5/16,1
what's the take on June 20th UNH calls...$325?,UNH,325,June 20th,1
2k in $515 QQQ puts for next Monday,QQQ,515,next,1
"Hold nvda 145 calls for 5/23? Barely breaking even on them now, sad",nvda,145,5/23,1
"TSLA 5/23 377.5 C, following insider trade with a little less risk",TSLA,377.5,5/23,1
:( profit is profit at least. I sold my calls also. I bought 2 puts in case red day tomorrow   I sold nvda $110 5/16 calls at 50% loss to recoup $160 and they would have been up 800% and rising RIP,nvda,110,5/16,1
Me  $143 5/23,Me,143,5/23,1
"Weak, I got SPY CALL 650 expiring Friday",SPY,650,Friday,1
Spy 600 Friday calls,Spy,600,Friday,1
calls $350 end June.  Ez money for someone,Ez,350,June,1
TSLA 350 calls to fund July TSLA 225 poots,TSLA,350,July,1
![img](emote|t5_2th52|4258) should i sell my $37 call for 6/27 i bought before close ![img](emote|t5_2th52|8883),im,37,6/27,1
"Thanks to everyone that commented, great discussion! I do have 1 UNH 320 Call for June 6th. I may grab a January leap also.",UNH,320,June 6th,1
You have a pos? Thinking 280 5/23,pos,280,5/23,1
Sub $100 pre August 2024. Didn’t even know what nvda was pre 2023,Sub,100,August 2024,1
i have a spx 5995 call tomorrow as well,spx,5995,tomorrow,1
CAVA 120 $ calls exp june 13th,CAVA,120,june 13th,1
NVDA $150 call 6/20 SPY $600 call 6/20  What y’all think?,SPY,150,6/20,1
NVDA 5/16 $140 calls?,NVDA,140,5/16,1
"u/tropicalfisher , a “Top 1% commenter” of this sub… just got in a 20 min fight with me trying to tell me I’m going to be rich because my dumbass sold NVDA $134 COVERED CALL EXP: 5/16   After much arguing… he believes I will be rich due to the fact that me holding 860 shares allows me to sell 800+ covered calls   Please join me in shaming this fucking retard ♿️  #🫵🫵🤣",NVDA,134,5/16,1
Are my SPY $590 calls tomorrow fucked?,SPY,590,tomorrow,1
Should have set stop loss on my 1DTE SPY 591 calls. Oh well. Averaged down in late close instead.  Filled with self hatred for selling my NVDA 5/10 110 call for $50% loss on april 21st when it would have been worth 6.5x what i bought it for 🥴  Anyone else get OKLO calls? I got $37 6/27 exp. 6/27 and will try not to paperhand it this time lol,SPY,591,5/10,1
Put $600 into SPXS 5.5 calls for Friday before close. Way better than sports betting,SPXS,5.5,Friday,1
Thoughts on INTC? 6/20 $25 calls,INTC,25,6/20,1
Sold 6/20 Nvda 140c for just $300 profit   Big mistake ?,Nvda,300,6/20,1
"I have $45 HOOD calls for next Jan, when do I sell",HOOD,45,Jan,1
Made about $6k selling1/2 of my NVDA 5/23 $130 calls this morning.. going to hold onto the last 25 for a while longer,NVDA,130,5/23,1
Tsm 300 calls expiring sept is literally free money,Tsm,300,sept,1
"I need honest advice on NVDA. I bought 12 $120 puts yesterday with 5/23 exp. thinking no chance NVDA would continue. They are down $3k leaving me with $800 left in my account. Do I hold firm and see if it comes back down this week or take the loss and see if I can catch the bull train. My fear is the second I switch from bear to bull, bear market will come back",NVDA,120,5/23,1
CAVA 120 $ calls exp june 13th![img](emote|t5_2th52|27189),CAVA,120,june 13th,1
CAVA 120 $ calls exp june 13th,CAVA,120,june 13th,1
CAVA 120 $ calls exp june 13th,CAVA,120,june 13th,1
CAVA 120 $ calls exp june 13th,CAVA,120,june 13th,1
CAVA 120 $ calls exp june 13th,CAVA,120,june 13th,1
"Just write some MSTR CALLS 860 12/27, collect the premium and buy msty with it. Then in three months when MSTR is back down to 325 and the calls are like 85, buy them back with the monthly distro of msty. lol",MSTR,860,12/27,1
"thinking about buying UNH 470 calls expire 6/6, can i get some realistic insight? trying to get in the game",UNH,470,6/6,1
GOOGL $170 23 May calls. Book it!,GOOGL,170,23 May,1
I bought 4 UNH 320 calls for 6/20,UNH,320,6/20,1
I picked up like 3 UNH calls when it dropped to 250. $420 strike 9/9 exp. I really wish I picked up more lol,UNH,420,9/9,1
UNH calls by Friday $350 💰,UNH,350,Friday,1
I accidentally bought Deep OTM options of UNH $500 Jan 2026  Down 12% 🤡🥺🥺🥺🫩🫩,UNH,500,Jan 2026,1
I bought $400 7/18 unh calls Friday right before close because I had fomo. Thanks past me. ![img](emote|t5_2th52|8883),unh,400,7/18,1
Loaded up 500 contracts on nana for July - $25 strike. I’m guessing these gonna print,nana,25,July,1
"damn shouldve bought more NBIS calls, only bought 2 $38 5/23 calls because I know nothing about them but CRWV mooning it shouldve been obvious ![img](emote|t5_2th52|52627)",NBIS,38,5/23,1
GameStop 1/2026 $20 call. You’re welcome,GameStop,20,1/2026,1
*Alright time to tell the truth.  Which one of you regards is buying the UNH $800 calls that expire this Friday? Come on now.  You're among friendly regards here.*,UNH,800,Friday,1
Goin in on UNH May 30 $330   Am I crazy???,UNH,330,May 30,1
i sold my 9/13 $330 UNH calls for $600 profit on thursday. ..just in case you were feeling dumb,UNH,330,9/13,1
UNH $350 call for 6/13. lets see a rally![img](emote|t5_2th52|58355)![img](emote|t5_2th52|58355),UNH,350,6/13,1
UNH Calls $380 Aug/15,UNH,380,Aug/15,1
UNH $200 Puts for July 18 premiums are insane.,UNH,200,July 18,1
Should I hold or sell my UNH 325 5/23 calls?,UNH,325,5/23,1
"Folks, I'll be up 70% (2.2k) on my $400 August UNH calls at open if the price holds. The smart thing would be to sell but y'all know that ain't happening ![img](emote|t5_2th52|31225)",UNH,400,August,1
I have shares for UNH and June 20 calls at $280.   Shares I’ll hold. But what’s the hold time on the call? One month but there definitely hasn’t  been short covering yet,UNH,280,June 20,1
$310 unh calls for august?,unh,310,august,1
"Bought some **TGT 99.00 CALL** JUN 6, 2025",TGT,99.00,"JUN 6, 2025",1
"I’ve got a few $400 December UNH calls, you think that’s enough time or should I roll?",UNH,400,December,1
VIX $40 expiring in June.,VIX,40,June,1
"Got it, so SPY C$700, July expiry ![img](emote|t5_2th52|53057)![img](emote|t5_2th52|52627)![img](emote|t5_2th52|53057)",SPY,700,July,1
"I bought spy $547 C for Friday this morning at $0.19. I'm retarded, and the market is retarded. It's a match made in heaven.",spy,547,Friday,1
Diamond handing 4/25 SPY calls @ $547 bought right before close on Monday. One time!,SPY,547,4/25,1
"Sold my SPY 514 4/25 calls this morning for a cute little profit. *Le sigh*  But did I stop there, sad only because I left money on the table in the most irrational market ever? OF COURSE NOT, because puts were the obvious play for the rest of the week, right??  ***LE SIGH***",SPY,514,4/25,1
Should I buy 1500 spy 840 calls expiring in December?,spy,840,December,1
"look like there is still hope for my AAPL 4/25 210 calls, this thing may goes to 210 eod tomorrow if orange man cancel tariff",AAPL,210,4/25,1
Sold my by WMT $100 May calls at midday today. 🤦‍♂️ IDIOT,WMT,100,May,1
I picked up spy puts 524 for Thursday how cooked am I ?,spy,524,Thursday,1
Have 4/26 $180 AMZN calls at 0.75. How much am I making tmr?,AMZN,180,4/26,1
Will my nvda 105 calls print by Friday?,nvda,105,Friday,1
My May 30th 597 SPY calls that were worth 40 cents today are gonna be $15 in the money by expiration when we pump back to all time highs in a month 🚀🚀🚀,SPY,597,May 30th,1
I have 250 4/26 $180 AZMN calls at $0.75. How rich am I tmr,AZMN,180,4/26,1
You already have a bet going - GOOGL to 185.0 before 23-Apr-2025 06:58 PM -05,GOOGL,185.0,Apr-2025,1
Friday I Sold $85 AMD covered calls for 5/16. Hoping to catch some of that IV crush for once.,AMD,85,5/16,1
My may 9 $35 CEL calls might actually do something 😭,CEL,35,may 9,1
Any thoughts on SDGR? I bought $22.5 Call 2025 Jan Exp @ $3.5. should I hold til earnings tomorrow or take profit?. I feel $18 had strong resistance over long period. I am still learning on option trading. Welcome any technical feedbacks!,SDGR,22.5,Jan,1
My 120/110 spread I paid $3.50 is ITM so not sure what you’re talking about.,ITM,3.50,120/110,1
QQQ 5/6 Puts $484,QQQ,484,5/6,1
Maybe my stupid SPY 579 5/16 calls that were down 27% at close on Friday will be ok after all,SPY,579,5/16,1
Sold all of my QQQ calls on Friday for a measly $143 profit..... I'm siiiiick! 🤦🏼,QQQ,143,Friday,1
$spy $600  Tuesday,spy,600,Tuesday,1
horrryy shit my 06/30 585 SPY call,SPY,585,06/30,1
DNUT $2.50 CALL 5/16,DNUT,2.50,5/16,1
"Wonder when should i sell my 6 SPY 579 5/16 i pentrupled (i dont think that's a word)  down on on friday when the price kept dropping lol  I am going to be getting 4 fillings at the dentist when the market opens 🥴   If SPY holds, simulated returns on robinhood says they will be up 20% which is better than the down 30% at close on friday lol",SPY,579,5/16,1
"bought an otm 5/16 LLY put at the $700 strike on Friday for like 400 because i was anticipating the drug price cut news, before pussying out and selling it for a 2% gain a few minutes later.  wonder how much that would have been worth by tomorrow's open",LLY,700,5/16,1
"feeling like an idiot for not holding my perfect TSLA 290 June entry. took 1.2k profit it’s now up 3k, I knew it was a perfect window too, got it before volume picked up",TSLA,290,June,1
chatgpt can you explain in depth what to do with my measly $290 cos im regarded and couldnt buy anything last friday,chatgpt,290,friday,1
I almost sold my 6 SPY 579 5/16 calls for 30% loss on Friday and now they'll be up 206% if this holds ![img](emote|t5_2th52|4271),SPY,579,5/16,1
"My first (-) 3,675% gain  sold QBTS 05/30 9.5 CALLS",QBTS,9.5,05/30,1
