Comment,Stock,Price,Date,Label,StockScore,PriceScore,DateScore
Do my BMY $32 weekly calls have a chance?  ,BMY,32,weekly,1,0.9925,0.9938,0.8174
Jan 14 CRM puts $145 strike ,CRM,145,Jan 14,1,0.9499,0.9882,0.9823
Exit strategy for QCOM Sep 22 2012 55.00 Call ?,QCOM,55.00,Sep 22 2012,1,0.972,0.991,0.9751
Just went long 10 Calls on INVN... Jan 2015 $12.50 Strike... See chart and article.,INVN,12.50,Jan 2015,1,0.9812,0.9949,0.8815
5/18 calls $415 AAPL 8.50 $800 GOOG 13.30 $130 CELG .58,AAPL,415,5/18,1,0.9909,0.9822,0.9942
GE $20 Jan Calls 2.80,GE,20,Jan,1,0.9617,0.9758,0.9375
Long THLD $10 Jan 2015 Calls,THLD,10,Jan 2015,1,0.993,0.9811,0.9005
Long 20 contracts of June $115 MON calls,MON,115,June,1,0.9605,0.9934,0.9622
Bought December $23 PWRD options at the open,PWRD,23,December,1,0.9889,0.9852,0.9427
Long $10 SYRG December Calls... Anyone following the Wattenberg play?,SYRG,10,December,1,0.9915,0.9903,0.9229
Sell or exercise? Jun 2013 LULU 62.50 Put Options,LULU,62.50,Jun 2013,1,0.9873,0.9915,0.836
QCOM 62.50 Sept Calls,QCOM,62.50,Sept,1,0.9865,0.9932,0.9551
Jan '14 $80 Calls on LULU,LUL,80,Jan '14,1,0.9673,0.9935,0.9832
Got killed on EXPR today with a Sept 22.5 call... dropped 55%. Rebound? Thoughts,EXPR,22.5,Sept,1,0.9185,0.9635,0.9463
AAPL 9/13 $495 call options ahead of expected new IPhone announcement?,AAPL,495,9/13,1,0.9931,0.9617,0.9953
Bought some DDD May '14 calls for $105 strike. Thoughts and flames?,DDD,105,May '14,1,0.992,0.9893,0.9894
GEVO Jun 21 2014 2.50 Call ? thoughts?,GEVO,2.50,Jun 21 2014,1,0.9919,0.992,0.9718
"Breaking trade: All out of ONCS (neutral profit), ALL IN May '14 DDD Calls $105 Strike.",DDD,105,May '14,1,0.9749,0.9935,0.9834
"I decided to try some megacap options to add slight legitimacy to my insane holdings, so I picked up some AAPL, July '14 $630 calls.",AAPL,630,July '14,1,0.9872,0.9843,0.9883
AAPL Jul 19 $580 calls. Who else is in on AAPL?,AAPL,580,Jul 19,1,0.9905,0.9929,0.9884
EOX Mar 14 - 7.50 Put,EOX,7.50,Mar 14,1,0.9836,0.9795,0.8954
"Covered call on PLUG, strike at $8, expires on March 22",PLUG,8,March 22,1,0.9903,0.8445,0.9683
Just bought PLUG April $9 Puts,PLUG,9,April,1,0.9929,0.9853,0.9834
Got lucky on PLUG. 7536 daily profit on 48 June $7 calls. Any one else have any calls?,PLUG,7,June,1,0.991,0.9945,0.9583
$FB - April 19 $70 calls. Backing up the truck for a gamble,FB,70,April 19,1,0.9926,0.9945,0.9835
RadioShack Trade: RSH Oct 1.00 Puts @ .30,RSH,1.00,Oct,1,0.9906,0.9734,0.9784
In JCP $9 strike November calls,JCP,9,November,1,0.9697,0.9914,0.8897
Bought 17.50 July19th Calls in WPRT,WPRT,17.50,July19th,1,0.837,0.9924,0.877
ARTX - share offering now through July 16th @ $3.50,ARTX,3.50,July 16th,1,0.9803,0.9419,0.9755
GILD AUG 22 2014 $90 Calls,GILD,90,AUG 22 2014,1,0.9643,0.9937,0.8464
"MNKD Jan 2016 $10 calls, currently 1.48/contract",MNKD,10,Jan 2016,1,0.993,0.9925,0.9656
Bought $YHOO Oct 18 $50 Calls. Should pop with the $BABA IPO coming up.,BABA,50,Oct 18,1,0.982,0.9913,0.9848
"Never traded options before. Just placed an order, walk me through this? AAPL $100 Sept. 20th",AAPL,100,Sept. 20th,1,0.9949,0.993,0.9702
"Options play: Tableau Software (DATA). 20 calls at $80 strike price, expiring on Oct 3. What do you think?",DATA,80,Oct 3,1,0.9556,0.9665,0.8707
"Strange bet, PSDV Oct 13 $5 Calls, and $2.50 Puts. PDUFA date on Sept. 26. Current price at $4.14. What do you guys think?",PSDV,5,Oct 13,1,0.9938,0.9914,0.9782
"NQ Mobile heads above $9 from 52 low of 3.45, motion to dismiss hearing set for October 30",NQ,9,October 30,0,0.9881,0.9821,0.9495
"Can anyone explain this ""nonstandard"" put option on SHLD? Jan 2015, $25 strike, huge OI.",SHLD,25,Jan 2015,1,0.9894,0.9919,0.9231
$800 bet on Southwest (LUV) earnings. Jan30 $40.50 call.,LUV,40.50,Jan30,1,0.9741,0.9945,0.9746
Bought 5k worth of Long AAL $52 Feb 20 calls yesterday. Any hope left?,AAL,52,Feb 20,1,0.9948,0.9928,0.9778
FB Feb 27 '15 $77 Call,FB,77,Feb 27 '15,1,0.9886,0.9903,0.9683
Bought some $KO Mar 20 $41 puts.,KO,41,Mar 20,1,0.9911,0.9943,0.9717
"RL 150 Jan for 7.20, HAL July 42.50 for 3.50, and BABA stock.",RL,42.50,July,1,0.9866,0.9636,0.9358
VIX Feb 18 2015 17.00 Calls,VIX,17.00,Feb 18 2015,1,0.9803,0.9923,0.9702
My next play: BABA Jan17 $100 calls,BABA,100,Jan17,1,0.9941,0.9934,0.9882
Buying KSU Mar 20 '15 $120 Put -- Selling KSU Mar 20 '15 $110 Put,KSU,120,Mar 20 '15,1,0.8976,0.991,0.8975
Technical Trade: IOC Mar 20 '15 $50 Put,IOC,50,Mar 20 '15,1,0.8498,0.9921,0.9505
Going long on WEN [xpost /r/stocks]. 50 March 20th calls @ $11 strike,WEN,11,March 20th,1,0.9535,0.9906,0.9781
CSIQ 2015 Apr 2 $29.50 Call; smart trade?,CSIQ,29.50,Apr 2,1,0.9675,0.9957,0.9595
Bought some HLF Apr 17 32.5 puts. Thoughts on the company's earnings tomorrow?,HLF,32.5,Apr 17,1,0.9927,0.9929,0.9899
"URGENT POLL: Do I hold this position into tomorrow. March 9th, $83.5 BABA calls",BABA,83.5,March 9th,1,0.9873,0.9932,0.959
Convince me not to sell Jan 2017 APPLE puts @$150 strike,APPLE,150,Jan 2017,0,0.9437,0.9466,0.9502
"Just bought 25 more AAPL May 15, 2015 calls @ $130 strike",AAPL,130,"May 15, 2015",1,0.9923,0.9522,0.9423
Just bought 120 AAPL March 20 $125 Calls at 1.17,AAPL,125,March 20,1,0.9945,0.9927,0.988
Why can't I sell my $GPRO $60 Mar 20 calls on Questrade?,GPRO,60,Mar 20,1,0.9931,0.9935,0.9551
One more risky bet and then I'm playing it safe (125 JPM $60 March 20 calls at 1.905),JPM,60,March 20,1,0.9828,0.992,0.9873
[YOLO] Long AMBA Jan. 2016 $100 calls,AMBA,100,Jan. 2016,1,0.9615,0.9922,0.9654
MCP $1 C Sept '15,MCP,1,Sept '15,1,0.9917,0.989,0.9661
ISIS $60 May 22nd calls. Who's YOLO enough?,ISIS,60,May 22nd,1,0.9884,0.9938,0.9898
"YOLO TWTR $43 Jan 15, SBUX $55 Jan 15, AMD $3.50 Jan2017",TWTR,43,Jan 15,1,0.9743,0.9936,0.9261
BTO MCD 01/15/2016 90.00 P,BTO,90.00,01/15/2016,1,0.9909,0.9843,0.9886
"26,000 $3 Jul 17 ZNGA calls bought (not me)",ZNGA,3,Jul 17,1,0.9888,0.9901,0.9806
I bought July 17 $1.50 NBG calls on a whim this morning. Anyone else who took the leap who I can shit bricks with?,NBG,1.50,July 17,1,0.9935,0.9844,0.989
How did my $EBAY Sep 18 $65 options worth ~$1490 become $PYPL Sep 18 $65 options worth $2500 overnight?,EBAY,65,Sep 18,1,0.9921,0.9587,0.9752
Buy AAPL calls on 8/6/15 (Ex-Div) to be safe. Here is my updated chart and AAPL should reach 127.5 EOW. Trade with caution as AAPL may have changed it's trend.,AAPL,127.5,8/6/15,0,0.9769,0.8988,0.9701
Fuck $FB. I'm yoloing $TWTR. $36 calls Jul 31st all day,TWTR,36,Jul 31st,1,0.9631,0.9922,0.9356
[AskWSB] $120 AAPL Jan '16 Calls,AAPL,120,Jan '16,1,0.9877,0.9928,0.9852
Loaded up on 10 AAPL Dec'18 $130 calls,AAPL,130,Dec'18,1,0.9937,0.9935,0.985
"NFLX: An unusually large open interest of the Sept 18 PUTS at $95 Strike, 22,000, and $78 with 29,000",NFLX,95,Sept 18,1,0.9212,0.9621,0.9643
PYPL Sept. $50 Call Volume,PYPL,50,Sept.,1,0.9905,0.9822,0.9303
Bought some FB $94 Sep 11 calls and SBUX $57.50 Oct 16 calls...anyone else in for some quick YOLO profit?,FB,94,Sep 11,1,0.9898,0.9887,0.9686
Loading up on NBK Jan 17 $1.00 calls,NBK,1.00,Jan 17,1,0.9898,0.968,0.9912
[YOLO] All in IBN JAN-16 $9.00 CALLS,IBN,9.00,JAN-16,1,0.9425,0.9906,0.9398
Just yolo'd a shit load of Sept 18 QQQ 110.5 calls,QQQ,110.5,Sept 18,1,0.992,0.9934,0.9838
"GPRO Jan 2017 $50 call at $7.5, yacht or bust? Who else is with me?!",GPRO,50,Jan 2017,1,0.9858,0.993,0.963
About to spend a few grand on BDSI October $6 calls.,BDSI,6,October,1,0.9894,0.9915,0.9757
Loaded up on ZINC Dec 12.5 calls,ZINC,12.5,Dec,1,0.9802,0.9834,0.9642
Which one of you fuckers is buying the March $21 strike puts in $XLF?,XLF,21,March,1,0.8655,0.9889,0.9685
"If I bought October 30 NFLX $100 calls, then why are my contracts still down if they're above the strike price and the market expects a NFLX rebound over the next week or so?",NFLX,100,October 30,1,0.9842,0.9922,0.9689
YOLO $JWN DEC 15 $70 Calls,JWN,70,DEC 15,1,0.9909,0.9888,0.8072
YOLO $BDSI Nov 20 $7 Calls,BDSI,7,Nov 20,1,0.9891,0.9938,0.9858
Trade: VRX Nov 6 $95 Call,VRX,95,Nov 6,1,0.9915,0.9933,0.9876
$APDN $5 Nov 20 Calls,APDN,5,Nov 20,1,0.9956,0.9943,0.9797
"A yachtsmans or giving handjobs at the YMCA for $5, Friday I will know.",Y,5,Friday,0,0.8292,0.8899,0.8392
$3000 in April $30 $SHOP calls.,SHOP,30,April,1,0.9856,0.9918,0.9664
Profit off the gun lobby! $SWHC $20 January calls.,SWHC,20,January,1,0.9887,0.9894,0.9349
$WMT Feb 19 2016 57.50 PUT,WMT,57.50,Feb 19 2016,1,0.9953,0.991,0.9805
YOLO $CMG tomorrow at $420,CMG,420,tomorrow,1,0.9786,0.8228,0.9308
Long $USO Jan-17 $20 calls,USO,20,Jan-17,1,0.994,0.9939,0.9829
SPY TRADE Feb 12 2016 187.50 o 188 calls Idea,SPY,187.50,Feb 12 2016,1,0.9885,0.9867,0.9688
USO $8 1/22 Puts,USO,8,1/22,1,0.9928,0.9854,0.995
I need some options advice. My QQQ Jun $100 puts are now ITM.,QQQ,100,Jun,1,0.9949,0.9798,0.9624
BTO DIS 02/19/2016 94.00 C for $2.72 earlier today,BTO,94.00,02/19/2016,1,0.9887,0.985,0.9899
Someone buy my Feb 19 $5 strike CGEN calls,CGEN,5,Feb 19,1,0.964,0.9916,0.9706
Bought 130 GDX $15 puts March-04,GDX,15,March,1,0.9936,0.9914,0.918
Nokia Calls FEB12 '16 Strike Price: 6.00,FEB,6.00,12 '16,1,0.9452,0.9073,0.8002
Just went YOLO on some PTCT MAR 18 2016 17.5 CALLS,PTCT,17.5,MAR 18 2016,1,0.9712,0.9905,0.9235
What does everything think of CMG calls for June 17th strike price $600?,CMG,600,June 17th,1,0.9802,0.8665,0.9781
SPY $200 by Friday.,SPY,200,Friday,0,0.9953,0.9856,0.8591
OAS 5-20-16 $7 CALL YOLO [OIL],OAS,7,5-20-16,1,0.9317,0.9935,0.9772
YOLO 2.5K on CMG - $490 June call.,CMG,490,June,1,0.9672,0.9829,0.9655
MTFC- Milk The F Cow.. All clear to trade higher 16.50 VXX Puts 2 days until expiration on unusual options activity,VXX,16.50,2 days,1,0.9698,0.9942,0.8114
200 $FIT 15.00 calls expiring 4/15/2016,FIT,15.00,4/15/2016,1,0.9943,0.9937,0.9914
"Y'all get in on $GGB with me. Good news out of China today. Get in big, get out with your yacht. $5 by July or Ban Me!",GGB,5,July,0,0.9713,0.9745,0.8713
$ROVI to 18.43 by Thursday,ROVI,18.43,Thursday,0,0.9932,0.9135,0.9009
The #YOLO squeeze on $SCTY - more than 100% of the outstanding shares are accounted for. Won't take much for a 25% multi-day barn burner. Holding April $30 calls...,SCTY,30,April,1,0.9901,0.9928,0.9732
YOLO!! 1000 VXX contracts $19.00 call due April 16th. Up 7K in one day. Lets ride this trade! Courtesy of Kings Of Wall Street,VXX,19.00,April 16th,1,0.9882,0.9954,0.9514
Buy $AA April 9.5 calls for earnings,AA,9.5,April,1,0.8669,0.9889,0.9877
$CANN to $4.20 by 4/20,CANN,4.20,4/20,0,0.9825,0.9276,0.9923
Got out of my 4/15 $26 DVN YOLO's too soon I guess,DVN,26,4/15,1,0.9939,0.9918,0.9951
BOW TO ME PEASANTS! CHK Apr 29 $6 1800% gain! I am God tier!,CHK,6,Apr 29,1,0.9843,0.9911,0.981
"Predicting a $HRTX open at 3.00 tomorrow, good time to sell. Thoughts?",HRTX,3.00,tomorrow,0,0.9932,0.9672,0.8739
Dam Daniel!!! April 22 14.5 Call BAC,BAC,14.5,April 22,1,0.9564,0.9939,0.9846
"AMD $2 weekly puts. Earnings tonight. They're $0.01, what could go wrong.",AMD,2,weekly,1,0.9953,0.9917,0.8288
Buy Open 15 AMZN May 20 '16 $650 Call Limit Day 04/28/16 12:44:19 PM EDT Executed,AMZN,650,04/28/16,1,0.9896,0.9882,0.978
Money pouring into $CHK may 13 calls @ 6.50 and 7. Thoughts on tomorrow's earnings?,CHK,6.50,may 13,1,0.992,0.9687,0.9625
"$LC YOLO update. Yesterday I bought 500 shares and 25 Jan17 $10 calls. Then the stock went down another 15%. So I bought 1,000 more shares and 50 more Jan17 $10 calls. I calculate I'll now make $1,000,000 in January when LC hits $100.",LC,10,Jan17,1,0.9855,0.978,0.9459
CNN Money 12-month forecast for MGT: $133.33,MGT,133.33,12,0,0.9729,0.965,0.8839
Are people really this bullish on AMD? the OI on May 20 4.00 calls....,AMD,4.00,May 20,1,0.9806,0.9895,0.9855
Options Virgin Bought AMD $5 Jan 2017 calls Friday GFY,AMD,5,Jan 2017,1,0.9924,0.9924,0.9415
LNKD 06/17/2016 147.00 C (+76550 %),LNKD,147.00,06/17/2016,1,0.9917,0.986,0.9894
Yolo AMD 7/15 puts @ 5.50,AMD,5.50,7/15,1,0.9934,0.9619,0.9955
54K SPY PUTS AT $200 TRADED TODAY 06/23/2016,SPY,200,06/23/2016,1,0.9484,0.9891,0.9913
YOLO: 175 contracts of Jul16 $211 SPY puts ($15k position),SPY,211,Jul16,1,0.9917,0.9919,0.9852
So...$111 QQQ Aug 5 Puts?,QQQ,111,Aug 5,1,0.9924,0.9887,0.9859
You only have under 8000 seconds to load up on 28.5 weekly calls on $EBAY,EBAY,28.5,weekly,1,0.9855,0.9884,0.8843
POLL: Will Oil Be Below $40 a barrel on August 12th,POLL,40,August 12th,0,0.9035,0.9142,0.9522
AAPL Aug 5 97.5 C,AAPL,97.5,Aug 5,1,0.9931,0.9805,0.9826
VRX August 16 22.5 puts look YOLO worthy right now DD,VRX,22.5,August 16,1,0.9921,0.9923,0.9883
AAPL iPhone announcement Sep 7. Buying naked Sep16 $115 calls for the run-up.,AAPL,115,Sep16,1,0.9916,0.9945,0.9416
$AMD IS GOING OVER $8 tomorrow,AMD,8,tomorrow,0,0.9873,0.991,0.9163
WDAY: 8 minutes to buy Aug 26 $76 puts.,WDAY,76,Aug 26,1,0.9786,0.9927,0.9869
INTRADAY - 216.50 SPY weekly calls,SPY,216.50,weekly,1,0.9774,0.991,0.93
"SWHC Dec $30 calls just went 0, what the hell?",SWHC,30,Dec,1,0.9902,0.9871,0.9758
SPY sept 16 call 215.50 @0.18 . Anyone else think this is an error in pricing?,SPY,215.50,sept 16,1,0.9941,0.9923,0.8918
I have 260 $60 Dec 16 $TEVA calls. When should I hang myself?,TEVA,60,Dec 16,1,0.9858,0.993,0.9894
Selling Oct 7 $21.50 JNUG CALLS,JNUG,21.50,Oct 7,1,0.9593,0.9948,0.9797
Oct 7 $21.50 JNUG Calls For Sale,JNUG,21.50,Oct 7,1,0.9821,0.9945,0.9746
Selling Oct 7 $21.50 JNUG Calls,JNUG,21.50,Oct 7,1,0.9777,0.9949,0.9799
Purchased some LMT Nov-18 245.00 Calls on Friday for 1.25,LMT,245.00,Nov-18,1,0.9929,0.9893,0.9824
Thoughts on 12/16 145.00 FB Calls,FB,145.00,12/16,1,0.8755,0.9909,0.9937
Sold 15 $10 Nov 18 ADRO puts,ADRO,10,Nov 18,1,0.9847,0.9908,0.9289
BAC Jan $20 calls. Probably gonna let this ride.,BAC,20,Jan,1,0.9908,0.9854,0.9845
ACAT 12.50 March 17 Puts,ACAT,12.50,March 17,1,0.9927,0.9926,0.9833
GME $34 Dec 16 Call Options,GME,34,Dec 16,1,0.9947,0.9906,0.979
Buy $WFT Dec 2 $5 Puts now!,WFT,5,Dec 2,1,0.9921,0.9935,0.9829
USO $13 Jan 20 Call YOLO?,USO,13,Jan 20,1,0.9936,0.9889,0.9829
What would you do with $ETE Jan 20 17.5 calls ($0.70)? Roll or eat shit?,ETE,17.5,Jan 20,1,0.9935,0.9935,0.9913
"Earnings Trade: LULU weekly 65.5 calls, cost .61",LULU,65.5,weekly,1,0.989,0.9935,0.8777
Anyone else want to buy some Jan 4 $223 SPY puts?!,SPY,223,Jan 4,1,0.9918,0.9902,0.99
ADRO 15% Return on $10 Feb 17 Puts,ADRO,10,Feb 17,1,0.9914,0.9771,0.9488
Just bought 70 $INTC Jan 17 $39.5 calls like a true faggot,INTC,39.5,Jan 17,1,0.9955,0.9952,0.9912
Bought 70 INTC $39.5 Jan 17 Calls - Idiot move of the year?,INTC,39.5,Jan 17,1,0.9944,0.9958,0.9861
Just Bought Jan. 20th $125 NVDA Option Calls. WTF Does this mean?,NVDA,125,Jan. 20th,1,0.9903,0.9936,0.9736
$SHLD - Pump and dump happening from crazy Uncle Eddie Lampert. My trade: $10 strike Mar'17 PUTS,SHLD,10,Mar'17,1,0.9894,0.9828,0.9482
TSLA $240 or $250 JAN 27 or FEB CALLS?,TSLA,240,JAN 27,1,0.9953,0.9159,0.9111
TWMJF $10 by March 30th OR BAN,TWMJF,10,March 30th,0,0.9878,0.9919,0.9371
"AMZN 817.5 calls expiring on 1/13, don't even think about it, just bet it",AMZN,817.5,1/13,1,0.9887,0.9373,0.9911
Sold an XOM $85 put for next week,XOM,85,next week,1,0.9803,0.9859,0.9047
Should I sell Jan 27 BAC calls with $23 strike price?,BAC,23,Jan 27,1,0.9847,0.9869,0.9831
Monday morning: Buy 55 x AAPL APR 21 2017 110.00 P,AAPL,110.00,APR 21 2017,1,0.9829,0.9916,0.9251
"Couldn't let this go on any longer - nobody is getting any maple syrup. FSC's trade is BS, starting with the Feb 17 $100 puts",FSC,100,Feb 17,0,0.8266,0.989,0.9536
APPL Posts Q1 2017 3.36 EPS vs 3.22 Consensus,APPL,3.36,Q1 2017,0,0.966,0.9587,0.8561
"My butthole's ready for NVDA earnings! Sold 20 put contracts expiring 2/10, strike $110.",NVDA,110,2/10,1,0.984,0.9022,0.9923
$JNUG will be $40 by May. You heard it here first!,JNUG,40,May,0,0.9892,0.9434,0.8973
AYY M D train $16 by April?,AYY,16,April,0,0.9272,0.992,0.8528
Anyone holding on to these CHK 3/10 6.00 calls?,CHK,6.00,3/10,1,0.9901,0.9906,0.9942
"VOO Mar 17, 2017 220.00 CALL It's already in-the-money and the cost of the contract is around $200.",VOO,220.00,"Mar 17, 2017",1,0.9931,0.9911,0.95
SPY - May 19 2017 $250 strike calls - load the boat.,SPY,250,May 19 2017,1,0.9912,0.9901,0.961
Rip my Apr 7th $16 AMD calls,AMD,16,Apr 7th,1,0.9919,0.9928,0.9592
40 XOM Mar 31 '17 $83 Call @1.13,XOM,83,Mar 31 '17,1,0.9198,0.9936,0.9673
"500 SIRI May 19 '17 $6 Call If it's good enough for Warren, than it's good enough for me.",SIRI,6,May 19 '17,1,0.9878,0.9899,0.9861
"Holy Shit: Someone dropped 462k on 500 Jan 2019 $80 $CAT puts, just now!",CAT,80,Jan 2019,1,0.9766,0.9934,0.9276
All in MESA April 28 put $94,MESA,94,April 28,1,0.9571,0.9878,0.9852
BAC 24.5 4/21 Calls for sale,BAC,24.5,4/21,1,0.9874,0.9897,0.9951
MGI 4/21 17.50 Puts if you want to make money,MGI,17.50,4/21,1,0.9875,0.9934,0.9955
Daily AMD maintain $13 you piece of shit 4/20,AMD,13,4/20,0,0.9891,0.9914,0.9942
"Daily ""AMD maintain $13 you piece of shit"" Thread 4/20",AMD,13,4/20,1,0.9855,0.9902,0.9942
AMD weekly calls? $14? $14.50?,AMD,14,weekly,1,0.9915,0.8986,0.8614
[Play] Buy SPY 05 May 2017 C 239.5 for 0.33,SPY,239.5,05 May 2017,1,0.9946,0.9649,0.9227
[Play] 05 May 17 SPY P 238 for 0.45,SPY,238,05 May 17,1,0.9951,0.839,0.8928
Sally Yates Testimony @ 2:30PM Today - $SPY - 239.5 Puts?,SPY,239.5,Today,1,0.9949,0.9841,0.8266
Buy AAPL puts July 21st $130,AAPL,130,July 21st,1,0.9899,0.9922,0.9884
"PSA: BOBE is delivering a special dividend of $7.50 a share. Date of record May 30, Ex date May 25.",BOBE,7.50,May 30,0,0.9669,0.9059,0.8789
AMD closes at 10.99 tomorrow,AMD,10.99,tomorrow,0,0.9823,0.977,0.9406
Why not play 6.5 strike for July 7 on $RAD?,RAD,6.5,July 7,1,0.9892,0.9908,0.9696
AMD Jul 7 11.00 C,AMD,11.00,Jul 7,1,0.9927,0.989,0.9869
$RAD July 17 4.50 C or just buy commons?,RAD,4.50,July 17,1,0.9959,0.993,0.9917
QQQ 141.5 tomorrow or ban me,QQQ,141.5,tomorrow,1,0.9917,0.9931,0.9194
TSLA to $400 next week. DD inside.,TSLA,400,next week,0,0.9934,0.9683,0.8987
So do you guys think $TSLA will go to $400 tomorrow?,TSLA,400,tomorrow,0,0.9936,0.8049,0.8036
"VRX has broken above 16.55, where it closed 2/27 prior to the earnings sell-off that drove all the way down to 8.31.",VRX,16.55,2/27,0,0.9717,0.8127,0.9912
I just strangled RAD. Jul 21 '17 $4 Call and Jul 21 '17 $4 Put.,RAD,4,Jul 21 '17,1,0.9398,0.9898,0.968
$RAD $6.00 Calls Thursday Morning,RAD,6.00,Thursday,1,0.9958,0.9947,0.9522
MU screaming buy now $29 calls 7/7 $1.50,MU,29,7/7,1,0.9732,0.9926,0.993
100%+ /$800+ per contract! $TSLA Jul14 137.5 Puts 8-16 EoD,TSLA,137.5,Jul14,1,0.9961,0.9889,0.9821
SNAP $5 Jan 2019 puts are only $0.30.,SNAP,5,Jan 2019,1,0.9903,0.9913,0.9456
A well respected technical analyst I have access to is saying to sell the October 32.00 calls on MU. Sorry to throw some cold water on those tendies,MU,32.00,October,1,0.9247,0.9878,0.9744
bought 100 calls with $6 strike price expiration August $NOK before earnings! Anyone with me?,NOK,6,August,1,0.9755,0.9895,0.9522
Buy GNC Aug 18 $7.5 strike puts today,GNC,7.5,Aug 18,1,0.9915,0.9948,0.9873
How to play AMD $15 call for Oct 15,AMD,15,Oct 15,1,0.9948,0.9937,0.9699
$AMZN $1060 Aug 18 calls - WTF to do,AMZN,1060,Aug 18,1,0.9922,0.9273,0.9887
Bought $GE $27 options that expire Jan 2018. The option went for $.62. How much should I expect to lose?,GE,27,Jan 2018,1,0.9218,0.9914,0.8458
RIP: $T $40 18 Jan 17' Calls,T,40,Jan 17,1,0.9816,0.9903,0.9581
Did anyone else buy SLV options pre-saber rattling? October $17 Calls are up over 100% since Monday.,SLV,17,October,1,0.9892,0.9687,0.9774
Advice for an idiot who bought a $73 AAOI 9/1 call?,AAOI,73,9/1,1,0.9936,0.9738,0.9946
Accidentally bought AAPL $160 September 15th Calls,AAPL,160,September 15th,1,0.9953,0.9921,0.9806
BABA Max Pain for option holders expiring today = $170,BABA,170,today,1,0.9917,0.9691,0.8264
SPY $248 today. The Thursday curse is broken.,SPY,248,Thursday,0,0.9958,0.9826,0.8716
Buying $RAD 3.00 calls January. Am I retarded,RAD,3.00,January,1,0.9947,0.9925,0.9572
RAD is going back to $8 by 12/31,RAD,8,12/31,0,0.9759,0.9861,0.9902
How it feels bag holding 20k in AMD $13 Calls for April,AMD,13,April,1,0.9947,0.99,0.8924
Just bought $SBUX $54.50 calls that expire on Friday. Am I retarded?,SBUX,54.50,Friday,1,0.9936,0.9963,0.8224
AMD is going to back below 13.50 tomorrow,AMD,13.50,tomorrow,0,0.9677,0.9931,0.9464
Who here is trying to unload CSX 10/27 57.0 Calls?,CSX,57.0,10/27,1,0.9907,0.9899,0.9952
Bought 60 calls of $172.5 AAPL Nov 24 this morning for 17K on margin. Up 780. Should I sell on Monday or wait?,AAPL,172.5,Nov 24,1,0.9935,0.9857,0.9579
Anyone else got those sweet Jan 19 $200 BABA calls,BABA,200,Jan 19,1,0.9934,0.9903,0.9873
SWCH to $20 after 11/13. DD inside!,SWCH,20,11/13,0,0.9803,0.9901,0.989
ROKU Dec 15 '17 $32 Call - up 153% wow,ROKU,32,Dec 15 '17,1,0.994,0.9924,0.9808
"Someone placed a $2 million dollar bet on AMD yesturday with July $15 calls. 25,500 contracts",AMD,15,July,1,0.9888,0.9891,0.9847
$TGT Dec 1 $56 Call Huge gains ($0.59 to $4.75),TGT,56,Dec 1,1,0.994,0.9941,0.9818
$MU Jan 18 $46 calls,MU,46,Jan 18,1,0.9924,0.9922,0.9917
Way are 19000 people buying $32 strike Dec. 22 BAC calls for pennies?,BAC,32,Dec. 22,1,0.9822,0.9931,0.9693
"Alright, which one of you faggots bought 500 calls for AMD with a $19 strike expiring on Friday?",AMD,19,Friday,1,0.971,0.9922,0.8378
$CSX - Jan 19 - $47 Puts,CSX,47,Jan 19,1,0.9938,0.9373,0.9712
[BUY] JNUG $16 calls expiring 1/5,JNUG,16,1/5,1,0.9701,0.9936,0.9939
JNUG yolo: 1/5 $16 calls,JNUG,16,1/5,1,0.9809,0.9936,0.9927
Anyone think MU will cross $49.68 tomorrow?,MU,49.68,tomorrow,0,0.9385,0.9265,0.8893
$MU Jan 18 $46 calls,MU,46,Jan 18,1,0.9924,0.9922,0.9917
MU January 2019 $70 strike calls are $2.40. Any takers?,MU,70,January 2019,1,0.9817,0.9935,0.9455
Where's the guy with WEED 10.00 April calls?,WEED,10.00,April,1,0.9806,0.9904,0.9773
$BBY JAN 17 2020 67.50 PUTS,BBY,67.50,JAN 17 2020,1,0.9946,0.9879,0.97
$JD buyer making a move on the Feb $45s. Buys 281 calls for $1.144,JD,45,Feb,1,0.9919,0.8117,0.9225
"""If the price of EAT goes below $35.00 by April 20, 2018, the option will expire worthless and you will lose $770.00 in premium.""",EAT,35.00,"April 20, 2018",0,0.9396,0.8796,0.8981
"$33,600 in MU Apr $44.00 Call. Already down $1k.... ¯\_(ツ)_/¯",MU,44.00,Apr,1,0.9801,0.9932,0.9639
I trusted weed and it betrayed me today: MJX 4/20 $4.20 40 Calls #blazeit,MJX,4.20 40,4/20,1,0.9916,0.9841,0.9949
"MTCH 1/19 $29 strike calls are $3.10 right now, MTCH stock is $32.64. Is this free money or am I retarded?",MTCH,29,1/19,1,0.9844,0.9942,0.9947
"YOLOer opens over 35,000 KODK Jan $10.00 calls expiring friday. ~$350K premium",KODK,10.00,Jan,1,0.9881,0.9856,0.9766
"Today’s $MRK call move might be related to the massive put selling not too long ago. Trader bought just over 3,700 April $60 calls at about $4.50. About a $1.6 million position",MRK,60,April,1,0.994,0.9874,0.9801
That guy who sold $350k of $10 KODK calls expiring tomorrow must be shitting himself right now.,KODK,10,tomorrow,1,0.9914,0.972,0.8634
Buy BAC calls that expire tomorrow with strike of 31.50,BAC,31.50,tomorrow,1,0.9789,0.9922,0.8902
$AAPL $180 Feb. 16 Calls,AAPL,180,Feb. 16,1,0.9951,0.9931,0.9721
"Boss man buys $1.2 million worth of $COST Feb 23 $182.5 calls this morning. If you’re gonna buy $COST, might as well buy in bulk.",COST,182.5,Feb 23,1,0.9512,0.9951,0.9817
"Who knows what the actual intent of the move is, but dear god: Behemoth buys 25,000 $QQQ March $166 puts at $2.56. Thats a $6.4 million position",QQQ,166,March,1,0.9958,0.9846,0.9744
I sold my far OTM Jan 26 192.5 WYNN Put right before Steve Wynn sexual assault news. For .05 :|,WYNN,192.5,Jan 26,1,0.9278,0.9888,0.9823
"$NOK anyone? The $5 calls, Jan '19 calls I picked up ystdy are setup to double",NOK,5,Jan '19,1,0.9872,0.988,0.9798
"Buying AAPL March 16 $175 calls at open tomorrow, terrible/good idea?",AAPL,175,March 16,1,0.9944,0.9937,0.9898
"I did 172.5 AAPL 2/2, how fucked am I?",AAPL,172.5,2/2,1,0.9942,0.9851,0.988
SVXY $15 calls Feb 16th... anyone else in?,SVXY,15,Feb 16th,1,0.9962,0.9949,0.8799
Just bought UPS calls for 7/20. Target price $120,UPS,120,7/20,1,0.9691,0.9839,0.9942
SVIX Apr $14 calls at $0.80,SVIX,14,Apr,1,0.9925,0.9681,0.9865
Me watching my 2/23 $42 $MU puts hang on to their last thread of life,MU,42,2/23,1,0.9866,0.9918,0.9948
Remember when $AMD was supposed to hit 20.00 by October of last year?,AMD,20.00,October of,0,0.9917,0.9838,0.8077
WMT $100 6/18,WMT,100,6/18,1,0.9922,0.9925,0.9949
RAD $0.50 P 3-23,RAD,0.50,3-23,1,0.9952,0.9362,0.9736
God bless the volatility tendies on 3/19 SPY Calls at $172.5 (129.6% gain),SPY,172.5,3/19,1,0.9932,0.8192,0.9924
"SQ 09/21 $70 Calls are up 19,150%",SQ,70,09/21,1,0.9835,0.9927,0.9934
$FIT calls for March 9 @5.50 seems underpriced. Anyone thinking it can reach it?,FIT,5.50,March 9,1,0.9914,0.9831,0.9738
"Yuge position taken in some MU FDs today! 12,300 March 9 $56 Calls and 7880 March 9 $54.5 Calls. Will MU make it to $56 by Friday?",MU,56,March 9,1,0.9291,0.9908,0.9705
"NVDA 4/20 $260 are going for around $575 per contract. Easy sell, I'd say.",NVDA,260,4/20,1,0.9925,0.9863,0.9951
"If I sell 2 AMD April 6th $14 dollar calls, and I own 200 shares, what happens if amd is 14 by then?",AMD,14,April 6th,1,0.9946,0.9329,0.9884
Why are 3/16 $13 AMD Calls up 90% when the stock is dumping?,AMD,13,3/16,1,0.9924,0.9901,0.9945
SNAP Calls: 3/23 $18.50 Strike,SNAP,18.50,3/23,1,0.9875,0.9951,0.9939
Hold or sell 3/23 $65 MU calls,MU,65,3/23,1,0.959,0.9908,0.9945
I’ve lost 1K cuz the MU $55 May puts I bought......,MU,55,May,1,0.9803,0.9919,0.961
I have $50 SPXL calls expiring tomorrow that I’ve been holding since Jan 2 AMA,SPXL,50,Jan 2,1,0.9927,0.9911,0.9143
4/20 $50 JD Calls,JD,50,4/20,1,0.986,0.9932,0.9951
"Call idea: AMD, 5/18, $10 calls (priced at $2.00 as of this post)",AMD,10,5/18,1,0.9847,0.986,0.994
I bought a MU Mar 23 $60 call. How fucked am I?,MU,60,Mar 23,1,0.9811,0.9923,0.947
173.5 QQQ March 23 calls,QQQ,173.5,March 23,1,0.9927,0.9897,0.9808
i just bought $3k worth of $45 4/20 puts on SBUX did i do good?,SBUX,45,4/20,1,0.9526,0.9905,0.995
Thoughts on FB - July $170 Calls ?,FB,170,July,1,0.9817,0.9928,0.9506
$ORCL 4/20 C $50 @ ¢20 and 5/18 C $50 @ 44¢ BTFD or falling knife?,ORCL,50,4/20,1,0.9945,0.8237,0.9858
Lost 93% of my portfolio going all in on March 23 173.5 calls on QQQ AMA,QQQ,173.5,March 23,1,0.9901,0.9906,0.9654
"In complete shock my MSFT Calls (March 29th, 93.50) arent shitt8ng the bed the past few days.",MSFT,93.50,March 29th,1,0.9922,0.9801,0.9222
Mar23 NKE 67.5 Calls - Who else thinks this is a good idea?,NKE,67.5,Mar23,1,0.9761,0.9915,0.8736
"Why ""not"" buy TWTR Apr $30 Puts?",TWTR,30,Apr,1,0.9925,0.9832,0.9809
I panic sold my 3/26 SPY 170.5 puts yesterday for 1.75 a piece. AMA,SPY,170.5,3/26,1,0.9952,0.992,0.9926
I sold my 3/26 SPY 270.5 puts yesterday for 1.75 a piece. AMA,SPY,270.5,3/26,1,0.9952,0.9893,0.9926
I use RBC direct and made a market order on $11 ACB calls 042018 they filled my order 40c higher then ask,ACB,11,042018,1,0.9817,0.9926,0.9257
$BAC $32 April 13 Calls,BAC,32,April 13,1,0.9938,0.9922,0.9846
went all in $SOXS 4/20 $25 call @.13. pray for me.,SOXS,25,4/20,1,0.9876,0.9945,0.9949
RH $89 Puts exp 4/20,RH,89,4/20,1,0.9922,0.988,0.9935
SPY 4/30 $265 calls,SPY,265,4/30,1,0.9944,0.992,0.9953
Thinking about buying Calls on BB $12.50 4-20,BB,12.50,4-20,1,0.9942,0.9954,0.9717
EL $155 4/20 or 4/30 calls,EL,155,4/20,1,0.9891,0.9876,0.9909
6/15 MU 52.5 Calls cheap right now,MU,52.5,6/15,1,0.9872,0.9914,0.9942
JPM to $125 by 4/20?,JPM,125,4/20,0,0.9402,0.8899,0.9946
Thoughts on $DBX 4/20 $30 PUT?,DBX,30,4/20,1,0.9934,0.9928,0.9953
Rough intro to options on my test portfolio. $47 call $ORCL April 13,ORCL,47,April 13,1,0.9952,0.9938,0.9896
Bought my first option today $LFIN 4/20 $15 puts,LFIN,15,4/20,1,0.9902,0.9931,0.9952
$SPY 271 4/13 calls,SPY,271,4/13,1,0.9952,0.8264,0.9954
Should I sell my 4/13 268 SPY calls,SPY,268,4/13,1,0.9934,0.8311,0.9956
RIP MU May $55 calls bagholders,MU,55,May,1,0.9768,0.9919,0.9812
Which one of you sold me these 4/20 $LFIN 2.5 strike puts?,LFIN,2.5,4/20,1,0.9942,0.9902,0.994
I bought UVXY $20.5 PUT 4/27 expiry. Now it is around break even price.,UVXY,20.5,4/27,1,0.9947,0.996,0.9947
When its 3:18 p.m. and RH hasn't exercised my AMD $5 04/06 call...,AMD,5,04/06,1,0.992,0.992,0.9858
44 $13 SVXY Calls for 2¢ each Expiring 4/27,SVXY,13,4/27,1,0.993,0.9885,0.9953
Do my 4/20 $11 AMD calls have any hope?,AMD,11,4/20,1,0.9915,0.9918,0.9958
CSX $55 C 4/20,CSX,55,4/20,1,0.9945,0.9915,0.9951
Getting antsy about my NVDA 5/18 $230 calls,NVDA,230,5/18,1,0.9909,0.9923,0.9949
SPY 4/11 $265 calls,SPY,265,4/11,1,0.9941,0.9909,0.9958
Anyone playing XLF 28.00 4/20 calls?,XLF,28.00,4/20,1,0.9702,0.9942,0.9948
Happy Thursday. Bought SPY 263 4/16 put,SPY,263,4/16,1,0.993,0.8829,0.9926
MU 4/20 $55 call,MU,55,4/20,1,0.9878,0.9944,0.9958
SQ $50 5/4 calls looking pretty cheap.,SQ,50,5/4,1,0.9928,0.9914,0.9955
FB 4/20 167.5 Calls,FB,167.5,4/20,1,0.9888,0.9901,0.9956
XLF $28 call 4/20 expiry,XLF,28,4/20,1,0.9889,0.9927,0.996
Anyone else holding JNUG 5/4 $14.5 puts?,JNUG,14.5,5/4,1,0.9853,0.9946,0.9958
Where are my SPY $300 4/20 Call holders from the January rally at?,SPY,300,4/20,1,0.9957,0.9939,0.9943
submitted AMZN 1562.5 4/20 Calls @1.77 [after hours]. tell me if I'm fcking myself + should I cancel,AMZN,1562.5,4/20,1,0.987,0.9568,0.9942
MON $130 1/1/2019 Calls,MON,130,1/1/2019,1,0.9915,0.9923,0.9844
XLF to $28 by 4/20?!,XLF,28,4/20,1,0.9177,0.9739,0.9939
Thanks to AMZN I've got $3055 to YOLO. Thinking about SQ 5/4 $55 calls. Or AMZN 4/27 $1650 calls.,SQ,55,5/4,1,0.9737,0.9714,0.9855
AAPL May 04 '18 $157.50 Call @ $10.6,AAPL,157.50,May 04 '18,1,0.9936,0.9942,0.989
is $MU June 15 52.50 Call w/ free money? especially $amzn ER will be next week. thoughts? XD,MU,52.50,June 15,1,0.9922,0.9907,0.9911
AMD 4/27 10.5 calls seem cheap if they crush ER - which seems likely given the early report,AMD,10.5,4/27,1,0.9947,0.9936,0.995
BAC C $30.5 5/11,BAC,30.5,5/11,1,0.9892,0.9955,0.9945
$AMD 10.5 4/27 calls - hold or cut my losses?,AMD,10.5,4/27,1,0.996,0.9929,0.9947
DUK $85 6/15 Calls a good bet?,DUK,85,6/15,1,0.9933,0.9952,0.9955
AMA Sold 120 calls AMD $11 May 18 for 50% loss before 🚀,AMD,11,May 18,1,0.9657,0.9935,0.9842
Debating on putting my entire life savings on Jan $70 MU calls. DD inside,MU,70,Jan,1,0.968,0.9863,0.9766
"No fibbsies, if this goes bad I’ll livestream my noosing. NVDA JAN 18, 2019 $225 calls",NVDA,225,"JAN 18, 2019",1,0.9746,0.9935,0.9617
Marvel Infinity 9.2 on IMDB. Better buy DIS at close and get the media pump next week,I,9.2,next week,0,0.8405,0.9837,0.8032
XLY 9/21 $120 put actually free money DD inside,XLY,120,9/21,1,0.9655,0.9929,0.9955
I bought $BUX 58.50 5/4 calls,BUX,58.50,5/4,1,0.9944,0.9938,0.9953
$70 MU calls January 2019,MU,70,January 2019,1,0.9665,0.9888,0.9238
8 minutes to get your 5/2 $264 SPY puts in,SPY,264,5/2,1,0.9934,0.9914,0.9951
"BABA May 4 177.5 180 Bull Put Spread a clean double or nothing right now, thoughts?",BABA,177.5,May 4,1,0.9923,0.9891,0.9878
I sold my $SPY 263 5/4 puts for a 60% loss at 2:15,SPY,263,5/4,1,0.9954,0.9148,0.9942
SQ 5/4 $47 and $48 calls,SQ,47,5/4,1,0.9903,0.9844,0.9959
"Bought ATVI 5/11 $70 calls this morning, am I autistic?",ATVI,70,5/11,1,0.9939,0.9942,0.9958
That feeling when you left NVDA 230 and BABA 182.5 yesterday when you had 5/4 calls,BABA,182.5,5/4,1,0.987,0.9925,0.987
Why the volume is so soyboi low? Yet so green? I am in SPY Monday $165 P,SPY,165,Monday,1,0.9939,0.9871,0.8766
Holding 5/11 UVXY. $14.5 over the weekend,UVXY,14.5,5/11,1,0.9924,0.9575,0.995
"My final attempt to break even is in SPY $280calls 6/29, they NEED to be worth at least $5.80 sometime by then. So if the market can short-squeeze or fake rally long enough to make my money, thatd be great.",SPY,280,6/29,1,0.9953,0.8994,0.9945
Buy NVDA options now. May 18 $235 calls have less than a 2% move to the upside priced in,NVDA,235,May 18,1,0.9895,0.994,0.9912
How autistic is it buying 1 11.5 AMD put option to expire this week,AMD,11.5,this week,1,0.9922,0.9937,0.8323
Question about YOLO play on $CSCO 5/11 $47 strike Calls.,CSCO,47,5/11,1,0.9945,0.993,0.9951
Up 100% in less than a month. Someone talk me out of going all in UVXY 5/11 13.50 puts.,UVXY,13.50,5/11,1,0.9922,0.9931,0.9948
Went all in on 5/11 KO puts when it was at about 42.15. Are there more tendies to come or am I about to lose all my gains,K,42.15,5/11,0,0.8972,0.8023,0.9937
$DBX Straddle 5/25 31.5 ER thoughts?,DBX,31.5,5/25,1,0.9939,0.9931,0.9949
$INTC $55 Call 5/25,INTC,55,5/25,1,0.9947,0.9944,0.9957
Bought a 260 put and a 242.5 call on NVDA exp 5/18. Feeling the profits!,NVDA,242.5,5/18,1,0.9896,0.9564,0.9925
83.50 put $WMT expiring today!,WMT,83.50,today,1,0.994,0.9877,0.9047
Up 160% on 268.5 SPY call that expires 5/18 should I sell?,SPY,268.5,5/18,1,0.994,0.9539,0.9925
MTCH TO $45 BY 5/18,BY,45,5/18,0,0.9549,0.9863,0.9935
NOK 10/19 $6 calls are cheap! Quick!,NOK,6,10/19,1,0.9823,0.9911,0.9958
$TSLA $290 Put Exp. May 18th. Thoughts?,TSLA,290,May 18th,1,0.9964,0.9922,0.9401
TSLA going to $250 by June?,TSLA,250,June,0,0.9931,0.9079,0.8014
Thoughts on an AMD call $13 6/1?,AMD,13,6/1,1,0.9915,0.994,0.9904
Buy DVAX $16 C 6/15,DVAX,16,6/15,1,0.9912,0.9906,0.9923
"$CLNE going to $4 by Dec 21, trust me.",CLNE,4,Dec 21,0,0.9952,0.9506,0.923
$CLNE going to $4 by Dec.,CLNE,4,Dec.,0,0.9954,0.9478,0.8322
$MU $56 6/29 on sale,MU,56,6/29,1,0.9909,0.9913,0.9951
Me after buying $60 5/25 MU puts today,MU,60,5/25,1,0.9609,0.9939,0.9924
JD $5.5MM outright calls Dec 21 $33 strike,JD,33,Dec 21,1,0.9917,0.9916,0.9768
why the heck did i lose money on a may 25 59.5 $MU call???? WHY,MU,59.5,may 25,1,0.982,0.9931,0.9029
Crazy volume on XLF 8/17 $30 calls and $25 puts. What does it all mean?,XLF,30,8/17,1,0.9648,0.9934,0.9951
"NXPI 16,000 Put 6/15 $60 Volume Yesterday",NXPI,60,6/15,1,0.9885,0.9941,0.9957
MU 5/25 $60 call holder vs MU Jan 2019 call holder today,MU,60,5/25,1,0.9645,0.9927,0.9927
6/15 AMD Put $12.50,AMD,12.50,6/15,1,0.9935,0.995,0.9953
"Me when my $SPY 5/25 $273 calls come back to life, but unsure what tomorrow holds.",SPY,273,5/25,1,0.9961,0.9759,0.9956
When you sold to close 25 $MU C $48 6/1 for $1.74 each just a few days ago,MU,48,6/1,1,0.992,0.9934,0.9878
$MU JAN 17 2020 90.00,MU,90.00,JAN 17 2020,1,0.9808,0.9866,0.9434
$MU $70 call 6/15 @ .29,MU,70,6/15,1,0.9917,0.9945,0.996
AMD 6/8 13.5 PUTs,AMD,13.5,6/8,1,0.9935,0.9944,0.9941
If you bought $HPE Aug 17 18.00 with a premium of .05 after bell today...,HPE,18.00,Aug 17,1,0.9949,0.9859,0.9896
"If NVDA gets to $270 before June 8 I will tattoo ""NVDA 2 D MOON"" on my arm, and you can hold me to it.",NVDA,270,June 8,0,0.9288,0.9696,0.9539
Me with 6/15 $12 AMD Puts,AMD,12,6/15,1,0.9934,0.9921,0.9957
5/25 AMD 13.5 call?,AMD,13.5,5/25,1,0.9919,0.9945,0.9935
BAC 30.5 C 6/15,BAC,30.5,6/15,1,0.9878,0.9909,0.9934
$600 in 10 minutes [AMD 6/1 $15 Call],AMD,15,6/1,1,0.9935,0.985,0.9946
MU $62 6/15 calls - Tell me why I'm retarded,MU,62,6/15,1,0.9902,0.9909,0.9958
"Come Tuesday, how much $MU calls to buy to make possibly over $4k? Eleven Jun 22 $61 Calls?",MU,61,Jun 22,1,0.9892,0.9894,0.9563
Bought 100 June 1 $AMD puts @ $13.50 strike. How screwed am I this week?,AMD,13.50,June 1,1,0.9951,0.9854,0.9864
Buying BAC dip? $30 Nov 18,BAC,30,Nov 18,1,0.9807,0.994,0.9729
Picked up 10 $30 8/17 calls on BAC,BAC,30,8/17,1,0.8132,0.9927,0.9954
Buying $MU $64.5 June 14 Calls Good Idea?,MU,64.5,June 14,1,0.9921,0.9953,0.982
BTI $60 calls 1/18/2019,BTI,60,1/18/2019,1,0.9941,0.9913,0.9916
Sell $MU and take the -81% L or hold until expiry 6/7? $63 call,MU,63,6/7,1,0.9646,0.9561,0.9931
Buy those 7/13 $16 AMD calls,AMD,16,7/13,1,0.9921,0.9918,0.9959
"Learning options, bought 4 AMD $14 call contracts (exp. 6/1) at $0.08, they cost me $32. Today, the price was in the money at approx. $14.20. I sold the contracts @ $0.25 and got $100 for them. Was this the right choice, or should I have exercised?",AMD,14,6/1,1,0.9945,0.9924,0.9821
Thoughts on AMD FD June 8th $15 call?,AMD,15,June 8th,1,0.9888,0.9934,0.9832
GE $14 call expiring 1/18/19 at $1.23 price,GE,14,1/18/19,1,0.9407,0.9925,0.9808
When your $65 MU Calls are going to expire worthless this Friday,MU,65,Friday,1,0.9815,0.9885,0.8353
6/15 $14 SNAP calls were going for one penny on 5/22 and woulda made you a ten bagger by now,SNAP,14,6/15,1,0.989,0.9927,0.9871
Would June 8 $12.50 SNAP puts be a smart idea?,SNAP,12.50,June 8,1,0.9806,0.9952,0.9829
BAC 30$ calls sold today at .07 xp Jun 8,BAC,30,Jun 8,1,0.9861,0.8921,0.9447
Load up on the MU $65 Call TENDY TRAIN!! (Call 6/22),MU,65,6/22,1,0.9754,0.9928,0.9943
Betting against FIT's momentum with 6/8 6.5 puts was a mistake,FIT,6.5,6/8,1,0.921,0.9826,0.9789
1 hr left to get $OKTA 55.00 Jul calls,OKTA,55.00,Jul,1,0.9892,0.993,0.9645
"1 hr left to get $OKTA Jul 55.00 calls, thoughts? :)",OKTA,55.00,Jul,1,0.9896,0.9813,0.965
"Trade idea: sell LCRX $180 puts, 6/15 expiry. Giving $100 premium for each right now. Or buy shares, looking for a $200 exit.",LCRX,180,6/15,1,0.9936,0.9902,0.9944
"$SNAP $12 Put 6/8 expiration. Up 200% yesterday, worthless today. Long $ROPE",SNAP,12,6/8,1,0.991,0.9928,0.9924
Hypothetically if AMD hits $16 in the next 3 hours would these 6/8 FDs I bought yesterday move at all or are they DOA?,AMD,16,6/8,0,0.9497,0.9345,0.9882
CRON 6/15 $5 calls,CRON,5,6/15,1,0.991,0.9933,0.996
$5000 on 6/15 AMD put options if Warriors sweep,AMD,5000,6/15,0,0.9883,0.9518,0.9945
Is buying APC 6/22 $49 calls retarded or is it kinda not retarded,APC,49,6/22,1,0.9879,0.9936,0.996
$CADA $1550 call 6/12 expiration YOLO,CADA,1550,6/12,1,0.9947,0.9565,0.9954
Buy those CRON options for October at $10 while they are cheap!!,CRON,10,October,1,0.983,0.9056,0.8605
MDXG 1/20/2019 2.50 Puts,MDXG,2.50,1/20/2019,1,0.9946,0.9917,0.9914
V $140 Calls 7/27 after earnings,V,140,7/27,1,0.962,0.9836,0.9956
N00B question... I bought two $55 puts which obviously are going to expire worthless Friday.. But do I get to keep this money that the option price gained even though I won't be able to sell it cuz there isn't interest? (If that makes sense?),N,55,Friday,0,0.8491,0.9897,0.9003
IQ 40$ 7/20 calls?,IQ,40,7/20,1,0.9781,0.8216,0.9908
Am I autistic ? $335 TSLA PUTs 6/15,TSLA,335,6/15,1,0.9948,0.9907,0.9941
Thoughts on DIS $130+ Calls 6/19 and later???,DIS,130,6/19,1,0.9943,0.9897,0.9948
$CRON FD $7.5 6/15 calls,CRON,7.5,6/15,1,0.9941,0.996,0.9945
Thoughts on 6/15 $16 AMD calls? Seems like a sure thing at this point.,AMD,16,6/15,1,0.993,0.993,0.9953
Dropped $1k on 9/21 $31 BAC calls let's see where this goes,BAC,31,9/21,1,0.9801,0.9941,0.9942
I’m very autistic. $167.50 SPOT PUTs 6/15,SPOT,167.50,6/15,1,0.9873,0.9942,0.9946
I have about 8k riding on $16 7/13 AMD puts. AMA,AMD,16,7/13,1,0.9837,0.9944,0.9942
$4k in 6/15 AMD $17 puts - ride or die,AMD,17,6/15,1,0.9932,0.9917,0.9938
Where’s the guy that bought $AMD $20 1/19 calls?,AMD,20,1/19,1,0.9955,0.9944,0.9947
$11 put for June 28 AMD?,AMD,11,June 28,1,0.9626,0.9928,0.9767
RIP my 6/15 GAYMD $14 puts,GAYMD,14,6/15,1,0.9586,0.9927,0.9943
It’s a $BAC 8/17 $31 and $32 Kind of Day,BAC,31,8/17,1,0.9931,0.9764,0.9942
AMA request: u/degenbets who has 4K on 6/15 $17 puts... we all want to know on a scale from 1 to Mexican bullfucker how sweaty you are right now.,AMA,17,6/15,1,0.9632,0.9935,0.9948
Here's why I bought AMD 18$ call for 6/15,AMD,18,6/15,1,0.9879,0.8098,0.9878
"Value put premium: you can get $141 for selling an ADBE put expiring tomorrow, with strike $10 under current price. Great value.",ADBE,141,tomorrow,1,0.9871,0.8479,0.8594
"Guys there's 5,300 open interest on the July 20 $90 MU calls. What have we done?",MU,90,July 20,1,0.9713,0.9943,0.9824
How screwed am I on $ORCL $49 Call 7/13?,ORCL,49,7/13,1,0.9954,0.9943,0.9954
In AMAT CALL $50 June 29 at $1.14,AMAT,50,June 29,1,0.9868,0.9934,0.9796
Just Went Balls Deep on AMD 6/15 $17 Calls. Tendies Incoming,AMD,17,6/15,1,0.9934,0.992,0.9952
$V 7/20 $140 or 8/17 $145,V,140,7/20,1,0.8603,0.9876,0.9909
Picked up a bunch of $HMNY $0.50 calls today expiring tomorrow - who wants to start the Netflix buyout talk?,HMNY,0.50,tomorrow,1,0.9956,0.9524,0.8935
Anyone going to buy EDIT Aug 17 2018 40.00 call options and Ride the momentum wave?,EDIT,40.00,Aug 17 2018,1,0.9842,0.9922,0.9787
I like to put this outfit in anticipation of buttfuck when I realize an old pending order had executed: 1000 OSTK July 31 $20 puts. fucking /r/longfinoptions all over again,OSTK,20,July 31,1,0.9678,0.9947,0.9805
I ordered this outfit today for the anal orgy I anticipate after I realized 1000 OSTK July 31 $20 puts had executed to my surprise. GTC apparently means Good till Cancel.,OSTK,20,July 31,1,0.9847,0.9936,0.9873
Sold IQ for $1700 profit and then bought IQ 9/21 $50 Call,IQ,50,9/21,1,0.9013,0.9929,0.9951
"Buy $IAC Jul 20, $170 calls please",IAC,170,Jul 20,1,0.986,0.991,0.9862
Placed $RUN $15 Call 7/20 limit buy @ $0.40 After Market Close Today.,RUN,15,7/20,1,0.9946,0.9946,0.9947
MRW I sell 06/15 64.5 covered calls on $SQ and it closes at 64.48,MRW,64.5,06/15,1,0.9861,0.9771,0.9929
"MRW I sell $SQ 06/15 64.50 covered calls and it closes at 64.48. (Also, wtf is this new Reddit shit?)",SQ,64.50,06/15,1,0.9914,0.9847,0.9931
First option TSLA 6-22-18 347.5 PUT,TSLA,347.5,6-22-18,1,0.9955,0.9597,0.9593
OKTA 7/20 $55 Call,OKTA,55,7/20,1,0.986,0.9946,0.9959
Honest question. For $62 I could get 1 contract of a Call MU 7/20 $70. Is this a good bet?,MU,62,7/20,1,0.9782,0.8943,0.9959
"Explain this... MU calls for $70 with a July 20 expiration. How is there 39,000 open interest 🤔?",MU,70,July 20,1,0.9734,0.9461,0.9713
WMT closed at 83.70 Friday.,WMT,83.70,Friday,0,0.9685,0.9864,0.9553
$BOX 7/20 $30 CALLS?,BOX,30,7/20,1,0.9929,0.9945,0.9959
I Panic Sold $16 $AMD Calls for 6/22 and 7/27 and $SNAP $12.5 Call for fucking pennies this morning...AMA,AMD,16,6/22,1,0.9933,0.9937,0.9386
6/22 SPY $278 are dirt cheap. BTFD!,SPY,278,6/22,1,0.9949,0.9883,0.9954
8/17 AAPL $210,AAPL,210,8/17,1,0.9938,0.9884,0.9939
RIP my MU 6/22 60.5 calls,MU,60.5,6/22,1,0.965,0.9924,0.996
V $140 7/20 boiis,V,140,7/20,1,0.9787,0.9842,0.9956
"Join /r/wallstreetbets they said, buy $MU 7/20 $90 calls they said.. *2 weeks into joining this sub*",MU,90,7/20,1,0.9914,0.9943,0.9959
"So if you were Dr. Strange, with the end looming nearby, and you sat down to contemplate the millions of alternative future probabilities - how many end with $GE $18 1/19 calls being worth something?",GE,18,1/19,1,0.971,0.9895,0.9891
Selling 10 September 21 IQ $30 Puts for a premium of $2000?,IQ,30,September 21,1,0.9922,0.9929,0.814
NFLX 7/20 $450's...who's with me?,NFLX,450,7/20,1,0.9871,0.8935,0.9958
TQQQ 7/20 $63 Calls look tasty 🤔,TQQQ,63,7/20,1,0.9959,0.9926,0.9961
NFLX to $450 by 7/20.,NFLX,450,7/20,1,0.9688,0.888,0.994
I got balls of steel. I own 8 $TAL Jan 2019 $25 puts.,TAL,25,Jan 2019,1,0.9945,0.992,0.9748
Losingmoneyrightleft Bets His Life That MU Will Be Sub $55 By July 20th,MU,55,July 20th,0,0.816,0.9845,0.9313
$12.50 calls for $CRON 7/20,CRON,12.50,7/20,1,0.9939,0.9954,0.9956
SQ to $75 before 7/20,SQ,75,7/20,0,0.9741,0.9455,0.9936
Bought this yesterday. $CRON 7.5 July C .,CRON,7.5,July,1,0.9948,0.9897,0.9392
100 PSTG $30 call for 8/17 - change my mind or give me tendies.,PSTG,30,8/17,1,0.9945,0.9951,0.9943
WSB said buy MU 7/20 $65 calls! It will be fun they said!,MU,65,7/20,1,0.9826,0.9931,0.9958
"Anyone else buying Oct. MU calls, strike $60 today?",MU,60,Oct.,1,0.9753,0.9613,0.96
How retarded is it to hold $MU 9/21 $70 calls?,MU,70,9/21,1,0.9916,0.9923,0.9951
$V 7/20 $140's,V,140,7/20,1,0.8536,0.8863,0.9958
When you spend your life savings on 7/20 $50 IQ calls at the peak,IQ,50,7/20,1,0.9692,0.9921,0.995
IQ rising pre-market 34.5 7/6 call looking good,IQ,34.5,7/6,1,0.906,0.9944,0.9929
"7/20 Predictions: $AMD 13.50, $MU 57, $GE 16.50, $GLW 32, $IQ 55, $BB 14, $BAC 31.50, $CHK 5.50",AMD,13.50,7/20,0,0.9845,0.84,0.9921
7/27 $202.5 AAPL C,AAPL,202.5,7/27,1,0.9864,0.995,0.9955
TWTR $44 8/17 puts. 1 contract. Too ballies right?,TWTR,44,8/17,1,0.9945,0.9951,0.995
Am I an idiot for buying HMNY $1 1/17/20 Calls?,HMNY,1,1/17/20,1,0.9938,0.9935,0.9904
Generic I have everything I own on 6/29 55.5 MU calls post,MU,55.5,6/29,1,0.9661,0.9941,0.9934
SQ 7/20 $69,SQ,69,7/20,1,0.989,0.9891,0.9962
Everyone who bought V $140 7/20 calls (like myself),V,140,7/20,1,0.9761,0.9862,0.9953
Just sold $MU 7/27 $64 calls.,MU,64,7/27,1,0.9919,0.9914,0.9958
IQ 6/29 34.5 Put,IQ,34.5,6/29,1,0.9791,0.9926,0.9949
ARNC option 7/20 $19 strike,ARNC,19,7/20,1,0.99,0.9921,0.9961
SBUX - Consider the charts broken if she closes below 50.00 tomorrow. +3% OR BUST!,SBUX,50.00,tomorrow,0,0.9817,0.9741,0.8787
V $140 7/20 calls: theta is murdering me,V,140,7/20,1,0.9796,0.9873,0.9961
CGC 7/20 $35,CGC,35,7/20,1,0.9889,0.9931,0.996
DAL $51 Strike 7/13 calls,DAL,51,7/13,1,0.9915,0.9905,0.9962
I bought $AMZN 6/29 1712.5 calls at 10:20 a.m. today AMA,AMZN,1712.5,6/29,1,0.9916,0.9539,0.9937
3:59 EST: Bought V $134 Calls and TSLA $350 Calls expiring July 18,TSLA,134,July 18,1,0.9756,0.9883,0.9773
"Read about getting ER season calls early by an advanced autist on here, whos with me on QQQ 9/21 $175 calls?",QQQ,175,9/21,1,0.9914,0.9911,0.995
Anyone going balls deep in Aug 17 $105 calls on Albemarle (ALB) for $1.15?,ALB,105,Aug 17,1,0.9141,0.9936,0.9787
XLF 8/10 $27 Calls,XLF,27,8/10,1,0.9742,0.9919,0.996
Thoughts on first Options trade: Sep 21 '18 $350 Put(NFLX). Closed with $3.3k USD profit.,NFLX,350,Sep 21 '18,1,0.944,0.986,0.9822
V $134 Aug 3 Calls,V,134,Aug 3,1,0.9696,0.9715,0.985
$48 MU Puts tomorrow,MU,48,tomorrow,1,0.9785,0.9921,0.8072
FB $195 Puts July 13,FB,195,July 13,1,0.9939,0.9866,0.9867
Who here has MU June 2019 $65 calls?,MU,65,June 2019,1,0.9842,0.9925,0.9718
Came back to trading June29. Was doing so well buying and selling SVXY $13 puts/calls (+209%). Then lost everything and lost 79% of my original investment (@$450 now) in 24hrs. Trump's market is a gamble. Period.,SVXY,13,June29,0,0.9953,0.9908,0.9753
Throwback to when I sold my NFLX 7/6 $390 calls (bought for ~$4) in place of SVXY puts. Still struggling with making $2k and losing $3k all in 3 days.,NFLX,390,7/6,1,0.9552,0.9885,0.9947
RIP my QQQ 170.5 7/20 Ps.,QQQ,170.5,7/20,1,0.9917,0.9923,0.9934
Buying back the IQ December $40 Calls I sold at $12 for $3.20,IQ,40,December,1,0.9869,0.9926,0.9368
MU 7/20 $90 dot gif,MU,90,7/20,1,0.9879,0.9935,0.9962
Explain to me me why FDX $235 7/13 calls are not a pure stroke of autistic genius,FDX,235,7/13,1,0.9931,0.9923,0.9952
Which one of you autists bought my FIT 7/20 $10 calls?,FIT,10,7/20,1,0.985,0.9944,0.9952
[AAPL] Aug 17 $190 Calls [Buy],AAPL,190,Aug 17,1,0.983,0.9907,0.9879
"Dear Lord Shkreli, I ask for forgiveness for my BAC $30 C 7/6s that expired worthless. Oh lord, with your perfectly coiffed hair, I pray for a bountiful harvest on the BAC calls I have now purchased. Amen.",BAC,30,7/6,1,0.9849,0.9915,0.9884
"Bought 7/20 ETFC $62.50 calls and suggest others do the same. Bought in at .85, but it is now at .77; wish I waited, but I highly suggest people pick this up. Earnings on 7/19. Consistently beaten.",ETFC,62.50,7/20,1,0.9934,0.9954,0.9876
"Unusual Option Activity: IQ 7/27 $32 Calls. 3,429 volume vs 296 OI. Maybe my 7/20 $35 calls will survive (lol jk I'm f*cked)",IQ,32,7/27,1,0.975,0.9927,0.9818
Whose mans is this? $0.05 7/13/18 UVXY $13 calls.,UVXY,13,7/13/18,1,0.9939,0.9656,0.9909
"I bet that if our subreddit wrote a book about investing and sold it on AMZN, we could afford one AMD July 13th 17.5 call.",AMD,17.5,July 13th,1,0.9573,0.994,0.985
I've got July 13' $57 and $58 $WFC Calls...FD's,WFC,57,July 13',1,0.9176,0.8176,0.9332
When you tell her about your $MU 7/20 $90 calls,MU,90,7/20,1,0.9913,0.9942,0.9954
AAPL 8/17 $195,AAPL,195,8/17,1,0.9916,0.9913,0.9957
Long SOXX $180 7/20 Contracts,SOXX,180,7/20,1,0.9918,0.9938,0.9955
When to sell AMD $15.50 7/20 call?,AMD,15.50,7/20,1,0.9947,0.9955,0.9949
WHY DID I SELL MY NVDA $250 7/13 CALLS FOR A HUGE LOSS YESTERDAY?? Answer: Im a pussy who has no idea what this market is anymore.,NVDA,250,7/13,1,0.9679,0.9921,0.9938
NFLX 7/13 $420,NFLX,420,7/13,1,0.9855,0.9901,0.996
GRPN $6 Call 7/20,GRPN,6,7/20,1,0.9937,0.9909,0.9955
PYPL hit 52 week high on low volume and no news. Bought a couple 7/20 $90 puts. Who's with me?,PYPL,90,7/20,1,0.9822,0.9932,0.9954
SBUX 7/27 $54 calls,SBUX,54,7/27,1,0.9912,0.9939,0.996
Why are people still buying 7/20 $60 MU calls?,MU,60,7/20,1,0.9614,0.9921,0.9959
$DES $31 calls for 8/17...a bargain if I’ve ever seen one,DES,31,8/17,1,0.9922,0.9951,0.9901
MSFT $120 Jan 19 calls. Jumped out with 50% profit,MSFT,120,Jan 19,1,0.9954,0.9952,0.9912
$1k Yolo in AVGO Aug 17 $220 calls. Discuss.,AVGO,220,Aug 17,1,0.981,0.9921,0.9913
AMD 7/13 $20 Callholder Prayer Thread,AMD,20,7/13,1,0.9942,0.993,0.996
All in on NFLX 1 day before expiry. 223 $14 SVXY 7/13's. Down $5000 ($4000 on credit). I need help.,NFLX,14,7/13',1,0.9539,0.99,0.8913
"ACAD $26 calls with January 18th, 2019 expiry.",ACAD,26,"January 18th, 2019",1,0.9928,0.991,0.9237
My expert DD on why you should all be buying $SQQQ 8/17 $14 calls.,SQQQ,14,8/17,1,0.9951,0.9907,0.9956
Thoughts on $100 ATVI 7/3 call?,ATVI,100,7/3,1,0.9944,0.9909,0.9957
"$90 7/20 MU Calls, What Could Have Been",MU,90,7/20,1,0.9796,0.9942,0.9958
Fuuuuck $NFLX 1/19 $550 Calls,NFLX,550,1/19,1,0.9926,0.9838,0.995
$CHK 08/03 $5 calls,CHK,5,08/03,1,0.9935,0.9939,0.9935
Long TWTR and thinking of selling the $51 calls on 7/27,TWTR,51,7/27,1,0.9893,0.9919,0.9931
"Just Looking At The Miracle My $63.50, 7/20 MU Calls Need...",MU,63.50,7/20,1,0.9656,0.9883,0.9944
Ban me if $IQ finishes above 39.50 today.,IQ,39.50,today,0,0.9849,0.9917,0.8567
Accidentally didn't sell my $200 7/20 BRK.B calls today. Am I fucked?,BRK,200,7/20,1,0.9857,0.9912,0.9949
My first option. BAC Jul 20 27.0 Call,BAC,27.0,Jul 20,1,0.9871,0.9908,0.9874
"So HUYA went up but my 1/19 $52.5 call went mostly down today (as of 12:05), can someone explain why?",HUYA,52.5,1/19,1,0.9747,0.9955,0.9927
Anyone else still holding NVDA $250 7/27 Calls?,NVDA,250,7/27,1,0.9922,0.9935,0.9957
Today I put my entire portfolio in MSFT $107 and $111 7/20 Calls AMA,MSFT,107,7/20,1,0.9949,0.9873,0.9958
Can someone smarter than me give me a good limit sell price for this MSFT 7/20 $104 call in the morning if it stays up in AH?,MSFT,104,7/20,1,0.9923,0.9945,0.9958
So I took a very small straddle in MSFT at $104 July 27 strike/exp right before the close. Should I sell everything first thing tomorrow morning? First time straddling.,MSFT,104,July 27,1,0.9838,0.9908,0.9871
Just got 9/21 $MSFT 105 Calls... about 1/2 my portfolio in this b.,MSFT,105,9/21,1,0.9956,0.8794,0.9933
The Glorious MU $90 July 20 Calls,MU,90,July 20,1,0.9863,0.9948,0.9877
AST Dec 21st $2.5 Calls DD,AST,2.5,Dec 21st,1,0.9889,0.9926,0.9738
They say after you watch this even just once you’ll be buying $MU $90 7/20Cs the next day,MU,90,7/20,1,0.9907,0.9928,0.8531
My $90 MU 7/20s disappeared from my account over the weekend. Is Robinhood a scam?,MU,90,7/20,1,0.9853,0.9611,0.9935
MSFT 7/27 $108 call advice,MSFT,108,7/27,1,0.9941,0.9936,0.9959
AST Dec 21 $2.5 Calls + DD,AST,2.5,Dec 21,1,0.9851,0.9918,0.9819
Does this qualify as “weird options activity”? 25000 volume on $TRXC $7 8/17 calls yesterday. $6 calls had 500 volume. What does this mean?,TRXC,7,8/17,1,0.9678,0.9917,0.9951
"GOOG PUT 7/27 $1100, WHO WID ME",GOOG,1100,7/27,1,0.9223,0.968,0.9956
$FB 7/27 222.5 Calls,FB,222.5,7/27,1,0.9943,0.9894,0.996
What will happen with my HMNY $1 otm calls tomorrow 07/25 with the reverse split?,HMNY,1,07/25,1,0.9939,0.9702,0.9854
Thoughts on AMD 15.50 Put 7/27?,AMD,15.50,7/27,1,0.9937,0.9941,0.9945
Buying a bunch of AMD $12 puts 8/17 before earnings. $6 and AMD has consistently sold off after earnings beats.,AMD,12,8/17,1,0.9901,0.9946,0.9851
SQ $95 calls 10/19?,SQ,95,10/19,1,0.9928,0.9925,0.9957
"If you had purchased $1500 worth of the FB July 27th, $170 put you would be sitting on roughly $300k in the morning.",FB,170,July 27th,0,0.9871,0.942,0.9716
How much do you think FB Jan 2019 $150 Put will be worth tomorrow?,FB,150,Jan 2019,1,0.9798,0.987,0.9618
Is MU gonna see $60 before my yolo expires Aug 20?,MU,60,Aug 20,0,0.9758,0.9709,0.9189
Proud to share my first (successful) WSB inspired trade. $FB 187.5 8/3 Puts. Thank you autists.,FB,187.5,8/3,1,0.9902,0.9935,0.9945
AMZN 9/21 $1925 call.,AMZN,1925,9/21,1,0.9883,0.9718,0.9959
Bought 7/27 LRCX $200 Call for $81. Tendies tomorrow?,LRCX,200,7/27,1,0.9931,0.9916,0.9958
"I would like to sell my FB 10/19/18 $235 call for $3.95. Please DM me if you are interested. Paypal, venmo, or cashier's check only.",FB,235,10/19/18,1,0.9906,0.9934,0.9898
Thanks for saving me out of my 19.50 AMD calls that expire today,AMD,19.50,today,1,0.9912,0.9942,0.8602
"Going to YOLO $1000 next week, help me pick?",YOLO,1000,next week,0,0.9017,0.9806,0.8282
Bought $IQ 8/3 33.5 Calls - YOLO,IQ,33.5,8/3,1,0.9904,0.9908,0.9957
JD next week expiring Friday 36.50 calls!,JD,36.50,Friday,1,0.9819,0.9934,0.9285
08/02 TSLA Call $250 YOLO?,TSLA,250,08/02,1,0.9949,0.9919,0.9901
I just need $FB to go to $220 by Friday and then I'm back in the green!,FB,220,Friday,0,0.9856,0.9253,0.8745
The Last Close AMD was $20+: 12/29/2006,AMD,20,12/29/2006,0,0.946,0.9528,0.9777
15x $11 SNAP Puts 8/10,SNAP,11,8/10,1,0.9799,0.9825,0.9927
"$1,000 to Spend - Better Short Term Play? 8/17 MSFT $105 Puts or 8/17 FB $160 Puts?",MSFT,105,8/17,1,0.993,0.9888,0.9653
Saw one of you retards post a 3.5 8/3 GRPN put and decided to limp in... should have YOLO’d,GRPN,3.5,8/3,1,0.986,0.9767,0.9885
Long $5k FB $175 calls Aug 03 and Aug 17 exp.,FB,175,Aug 03,1,0.9914,0.9923,0.9074
Any hope for my $MA 212.5 8/10 Calls?,MA,212.5,8/10,1,0.924,0.9908,0.9937
$9 8/17 AMD puts anyone?,AMD,9,8/17,1,0.9832,0.9892,0.9955
$MSFT $102 put 8/17,MSFT,102,8/17,1,0.9958,0.9897,0.9952
$ULTA - Sep 21 / Dec 21 $250 calls,ULTA,250,Sep 21,1,0.9893,0.9786,0.8033
I'm going to YOLO $800 in TSLA before the bell for 8/3. Call or Put?,TSLA,800,8/3,0,0.9823,0.9202,0.9944
Documenting my KDP $25 9/21 Call,KDP,25,9/21,1,0.9892,0.9931,0.9954
"TSLA 8/03 puts @ $310, $3.8k worth - after stalking you degenerates for a month I went full autism on my first option play. Anyone know what the expected return tomorrow might be?",TSLA,310,8/03,1,0.9964,0.8393,0.9949
"TSLA 8/03 Calls @ $310, $3.8k worth - after stalking you degenerates for a month I went full autism on my first option play. Anyone know what the expected return on this might be tomorrow?",TSLA,310,8/03,1,0.9966,0.8644,0.995
SNAP 8/24 $12 Puts YOLO + DD inside,SNAP,12,8/24,1,0.9817,0.9905,0.9956
How do we feel about $77 8/10 $ACVI Calls? About to throw guap at it.,ACVI,77,8/10,1,0.9939,0.9877,0.9941
What do I do now :). AAPL Aug 3 202.50,AAPL,202.50,Aug 3,1,0.9897,0.9863,0.9872
QQQ to 181.50 by tomorrow.,QQQ,181.50,tomorrow,0,0.9896,0.991,0.8062
QQQ to 181.50 by tomorrow,QQQ,181.50,tomorrow,0,0.9894,0.9911,0.8404
Should I hold my $285 call SPY 8/8 or sell now?,SPY,285,8/8,1,0.9947,0.9903,0.9929
How I hold on to my MU $70 8/31 calls,MU,70,8/31,1,0.9878,0.9943,0.9947
BRK.B $205 8/17 Call,BRK,205,8/17,1,0.9788,0.9839,0.9955
Curious to why $SNAP is surging up today? Bought 9/14/18 11.50 puts though,SNAP,11.50,9/14/18,1,0.9796,0.9925,0.9608
$22 AMD calls expiring 1/18 a good idea?,AMD,22,1/18,1,0.9919,0.9929,0.9927
18.5 8/17 AMD Puts,AMD,18.5,8/17,1,0.992,0.9932,0.9939
"$SNAP shorts are going to get rekt in AH today, expecting a 17% jump. If you’re short, you might want to think about closing your position at open and buying 8/17 Calls w. $15 strike",SNAP,15,8/17,1,0.9817,0.934,0.9703
$FB 9/21 $190 calls,FB,190,9/21,1,0.9948,0.9924,0.9957
Buying 1 Jan. $140 call on $AVGO,AVGO,140,Jan.,1,0.9801,0.9924,0.8441
AMA: I sold my TSLA 8/10 $380 Call on Friday for $116. Now worth about a $1000 when market opens tomorrow. Sold my hedge..held my PUTs. FML,TSLA,380,8/10,1,0.994,0.9924,0.9929
"Can someone please explain why my 8/17 $120 TSLA put went up 11,800% today",TSLA,120,8/17,1,0.9948,0.9946,0.9946
SNAP 1/18 $10 Calls,SNAP,10,1/18,1,0.9909,0.9938,0.9949
"$195 8/31 FB Call. I’m new to options and I’m trying to learn, is this a shitty choice?",FB,195,8/31,1,0.9719,0.9895,0.9954
$INTC PSA - 10/19 $55 strike at a discount ATM,INTC,55,10/19,1,0.993,0.9951,0.9958
$MU call at 60.5 for 9/17 WHOS IN!?,MU,60.5,9/17,1,0.9928,0.975,0.9918
SQ's maximum pain for 8/17 is $80,SQ,80,8/17,0,0.9738,0.9215,0.9931
$4 9/21 $GERN calls,GERN,4,9/21,1,0.991,0.9924,0.9955
CHK 5.5 1/17/20 call. Expecting a 3x return... thoughts?,CHK,5.5,1/17/20,1,0.9899,0.9892,0.9646
I pussied out and sold my FB 200 21.09 calls on Friday.,FB,21.09,Friday,1,0.9883,0.9916,0.8255
$HUYA $35 by Friday?,HUYA,35,Friday,0,0.99,0.9946,0.8089
anyone else IQ $30 C 8-17?,IQ,30,8-17,1,0.9841,0.9887,0.9703
AAPL 8/31 $220 Calls,AAPL,220,8/31,1,0.9928,0.9893,0.9951
DDD $35 Put Jan 2019,DDD,35,Jan 2019,1,0.9937,0.9914,0.9638
$UAA 8/17 21.00 Calls up 102% so far today. Tried to tell you,UAA,21.00,8/17,1,0.9915,0.99,0.9957
AMD $20 calls 8/17,AMD,20,8/17,1,0.995,0.992,0.9949
$PZZA Holders 10/19 $45 Calls where u at?,PZZA,45,10/19,1,0.9892,0.9944,0.9953
FB calls $190 8/31,FB,190,8/31,1,0.9878,0.9907,0.9952
Amazon $1920 puts 17/8,Amazon,1920,17/8,1,0.8742,0.9054,0.9887
Any hope that $BABA will got $190 by the end of the month ? I have 8/31 calls,BABA,190,8/31,1,0.9931,0.8781,0.9927
Holding onto $AVAV 3/19 $100 calls. DD Inside:,AVAV,100,3/19,1,0.9933,0.9934,0.995
JD unusual options activity $7.5MM Jan 19 $31 calls,JD,31,Jan 19,1,0.9772,0.9943,0.9915
BRK.B. Free money $210 c 9/21. $TEVA 'permit secured' to sell wsb affordable EpiPen,BRK,210,9/21,1,0.9853,0.9865,0.9926
CRM $160 9/21C Go Print Money!,CRM,160,9/21,1,0.988,0.9897,0.8368
AMZN 9/7 $1905 call,AMZN,1905,9/7,1,0.9881,0.972,0.9951
Retarded - 8/17 $12.5 ZOES Puts,ZOES,12.5,8/17,1,0.8111,0.996,0.9956
"[Serious DD] All in $AMC 9/21 $20 calls. TA, FA, and SA all EXTREMELY positive. DD Inside",AMC,20,9/21,1,0.9134,0.9937,0.9946
$WMT 8/24 $98-$96 puts,WMT,98,8/24,1,0.9944,0.983,0.9956
$MRO 20.5 calls for 8/24,MRO,20.5,8/24,1,0.9955,0.9945,0.9926
JD $40 Jan 20 is pretty cheap,JD,40,Jan 20,1,0.9884,0.9912,0.9882
Do I belong here? Bought $335 TSLA Put 8/17.,TSLA,335,8/17,1,0.9957,0.992,0.9955
Playing NVDA Pullback - 8/24 $245 Calls,NVDA,245,8/24,1,0.9903,0.9927,0.9946
STZ calls for 9/7 for $225,STZ,225,9/7,1,0.9848,0.9711,0.9935
Asking for a friend. What is the chance MU going over $49 by Friday?,MU,49,Friday,0,0.8864,0.9643,0.8127
So...all in on MU $41 1/18/20?,MU,41,1/18/20,1,0.9882,0.9948,0.9821
CRON $10 10/19 FD,CRON,10,10/19,1,0.9926,0.9917,0.9955
MU to $60 by 10/19,MU,60,10/19,0,0.9191,0.9504,0.9944
Sweating over $BABA $200 8/24 call options,BABA,200,8/24,1,0.9947,0.9917,0.9946
$NKE 9/21 $83.5 call,NKE,83.5,9/21,1,0.9942,0.9944,0.9954
"New to options, bought a MOMO $50 call exp 8/24. Momo is up 7% today, but my option is down $48 today. Can someone explain why?",MOMO,50,8/24,1,0.9788,0.9925,0.9924
QCOM Weekly Options - August 31 $90 strike / Insane Open Interest and Volume,QCOM,90,August 31,1,0.9745,0.9939,0.9593
Thoughts on this CHK 5.5 1/17/20 Call?,CHK,5.5,1/17/20,1,0.9906,0.9891,0.9813
When would you fuckers sell 9/28 MSFT $108 calls ?,MSFT,108,9/28,1,0.9954,0.9952,0.9943
QCOM Aug 31 $90 Weeklies,QCOM,90,Aug 31,1,0.9769,0.9938,0.982
How About An Update On This “It’s in Gods Hands Now”. $AKS 8/24 5.50 Calls,AKS,5.50,8/24,1,0.9934,0.9897,0.9955
8/31 AMD $25 call?,AMD,25,8/31,1,0.9932,0.9945,0.9945
Jan 19 $20 Puts on AMD,AMD,20,Jan 19,1,0.9587,0.9906,0.9853
Thank you AMD $20.5 9/7 calls and Costco 9/14 222.5 call.,AMD,20.5,9/7,1,0.9939,0.995,0.9813
"Whose going to do it? Who will take $400,000 out of $MU and yolo on $AMD Aug 31st $24 calls? I'm buying Volatility up while you all are watching AMD/Nafta crap.. Remember about Volatility fellas..",AMD,24,Aug 31st,1,0.962,0.9929,0.9405
Bought AMD $21 puts 9/21. Should I wait or take losses?,AMD,21,9/21,1,0.9948,0.9937,0.9916
AMD 25$ FDs and 9/21s tendies fully cooked,AMD,25,9/21,1,0.9789,0.8609,0.9787
"Need advice, bought 2 $1910 8/31 Puts on $AMZN, got destroyed today...",AMZN,1910,8/31,1,0.8569,0.8451,0.9942
AMD 9/21 $25 Puts,AMD,25,9/21,1,0.9941,0.9916,0.9959
BRKS puts $35 9/21 puts ?,BRKS,35,9/21,1,0.9903,0.9952,0.9951
MOV - Sept $50 Puts,MOV,50,Sept,1,0.9877,0.9745,0.9034
MOV - Sept $50 Calls,MOV,50,Sept,1,0.9884,0.9701,0.9173
Up 541% while everyone was circlejerking AMD. DSW $30 Calls exp 9/21,DSW,30,9/21,1,0.992,0.993,0.9924
$KODK FD’s. This piece of garbage will be under $3 by Friday.,KODK,3,Friday,0,0.9917,0.8504,0.8363
Baby’s first option: MSFT $114 9/14,MSFT,114,9/14,1,0.9955,0.9904,0.994
AMC 9/21 $20 calls are looking kind of sad,AMC,20,9/21,1,0.83,0.9939,0.9957
To the genius that recommended buying $25 8/31 $HPQ calls,HPQ,25,8/31,1,0.993,0.9901,0.9947
/r/stocks continues to amuse with $30 AMD calls for 9/24,AMD,30,9/24,1,0.9925,0.9866,0.9929
"ATVI 200 contracts, 72.5 10/19 call sold",ATVI,72.5,10/19,1,0.9923,0.9594,0.9943
AMD 8/31 $26 call holders rn,AMD,26,8/31,1,0.9946,0.9932,0.9953
GERN 5.5 9/21 call sells?,GERN,5.5,9/21,1,0.9931,0.9886,0.9943
Insane volume on LULU 8/31 $120 puts,LULU,120,8/31,1,0.9892,0.9937,0.9944
$CRON 4/18 $10 Calls,CRON,10,4/18,1,0.9949,0.9933,0.9954
KIRK Jan 19 $10 call,KIRK,10,Jan 19,1,0.9878,0.9924,0.9904
AAPL looking pretty over extended today. $225 puts locked in expiring next week,AAPL,225,next week,1,0.991,0.9922,0.8188
Guess when I bought $AAPL $295 9/7 Calls,AAPL,295,9/7,1,0.9953,0.9917,0.994
9/14 35.5 TWTR calls,TWTR,35.5,9/14,1,0.9867,0.9927,0.9927
"YOLOed $2000.00 in SPY 9/12 puts, anyone else hoping the market tanks Tuesday?",SPY,2000.00,9/12,1,0.9898,0.9298,0.992
$DOCU 9/21 $67.5 calls?,DOCU,67.5,9/21,1,0.994,0.9951,0.9956
Bought some $240 FB lotto calls expiring 11/16 for cheap. I think they will be worth alot more pre-earning after hype. FB revenue may have decelerated but instagram is #2 app on app store now. Change my mind.,FB,240,11/16,1,0.9771,0.981,0.9909
When you place those $90 9/7 MU calls,MU,90,9/7,1,0.9689,0.9947,0.9947
Cash in $GME 09/14 12.5 puts before earnings?,GME,12.5,09/14,1,0.9949,0.9943,0.9932
$MSFT 12/21 or 1/19 $120 calls,MSFT,120,12/21,1,0.9961,0.9906,0.9927
$SNAP $11 9/21 Put. Still taking my time in the options game. Do I get greedy or take the tiny tendies now?,SNAP,11,9/21,1,0.9931,0.9947,0.9942
I had 7 $75 SQ 9/21 Calls that I sold for $60 MU Calls,SQ,75,9/21,1,0.9877,0.9865,0.9949
$AMD Puts... When? When it fucking goes to $80? Oct 19 $22 put lookin grim as hell..,AMD,22,Oct 19,1,0.9938,0.9926,0.9704
When should I sell my $TECL 9/21 $162 puts? And where do I apply to Renaissance Technologies?,TECL,162,9/21,1,0.9902,0.9876,0.9952
"NTAP 84.5 9/28 Calls currently at 1.77, good time to buy in",NTAP,84.5,9/28,1,0.9889,0.992,0.9947
What’s going on with $AMD? I am getting ass rape with my 9/7 $29.5 calls! 😭😤😭,AMD,29.5,9/7,1,0.9858,0.9947,0.9939
DIA $261 9/14 calls,DIA,261,9/14,1,0.9937,0.9843,0.9952
Thoughts on $CRON $12.5 9/21C?,CRON,12.5,9/21,1,0.9959,0.9961,0.9413
Andrew Left has sued $TSLA and @elonmusk for his $420 tweets that Left alleges are violations of Exchange Act 10(b) for market manipulation. It includes his trading transactions from 8/7 thru 8/17.,TSLA,420,8/7,0,0.9904,0.9499,0.8984
How autistic is an AMD $26/$30 strangle for 9/14?,AMD,26,9/14,1,0.994,0.8244,0.8421
"$180 BABA Calls, 11/16 expiry. #BOOMorBUST?",BABA,180,11/16,1,0.9903,0.9876,0.9922
How do I calculate how much COST 9/7 $135 calls that I sold last week would be worth,COST,135,9/7,1,0.9727,0.9903,0.9943
$FB $170 12/21 call,FB,170,12/21,1,0.9958,0.9927,0.995
Would you YOLO MU $52.50 Calls for April 2019 85k loan,MU,52.50,April 2019,1,0.9859,0.9959,0.9262
$9 SNAP puts 9/28 x 300,SNAP,9,9/28,1,0.9787,0.9931,0.982
Should I buy 9/21 TMV $19 calls,TMV,19,9/21,1,0.9917,0.9931,0.9956
I have AAPL $245 10/19 calls. How fucked am I?,AAPL,245,10/19,1,0.9948,0.9935,0.9951
Getting my feet wet playing the upcoming earnings YOLO MU $49 9/28,MU,49,9/28,1,0.9683,0.9916,0.9941
First ever option: MU 9/28 Call $49. Tell me I'm an idiot,MU,49,9/28,1,0.9878,0.9902,0.9948
Bought MU Call 9/28 $49,MU,49,9/28,1,0.9814,0.9931,0.9953
Had my forst 3 bagger this morning on some FD Sanpchat 9/14 9.50 puts... Purchased 5 at .12 monday and the 7 more at .06 in the afternoon on tuesday. Woke up and secured funding.,FD,9.50,9/14,1,0.967,0.9836,0.9916
MU $40 Jan 2020s are under $10,MU,40,Jan 2020,1,0.9888,0.9874,0.9209
$IQ 9/28 $24 Puts,IQ,24,9/28,1,0.9922,0.9894,0.9956
Option 9/28 $TLRY $102 6.50 limit order,TLRY,102,9/28,1,0.9961,0.9934,0.9951
I paid .84 for AAPL 9/14 $240 calls last week at ATH. Come make fun of me.,AAPL,240,9/14,1,0.9935,0.9924,0.9938
"CGC 10/19 $40 put, bought 15 @ 1.63",CGC,40,10/19,1,0.9922,0.995,0.9964
Bless tepper $MU 9/28 $49,MU,49,9/28,1,0.9923,0.9894,0.9951
LOL I bought these this morning after selling my $34 9/14s,LOL,34,9/14,1,0.9524,0.9936,0.9926
$30 HEAR October calls?,HEAR,30,October,1,0.9633,0.9931,0.9602
$NKE FD 9/28 $84 earning's play call,NKE,84,9/28,1,0.9948,0.9928,0.9952
"AMD funeral, 6k puts pt:$27 9/28",AMD,27,9/28,1,0.9759,0.9863,0.9941
"New to options trading, bought a couple AMD $32 9/21 puts",AMD,32,9/21,1,0.9942,0.9945,0.9953
"HUYA Technicals, max pain $30 for 9/21",HUYA,30,9/21,0,0.9812,0.9923,0.9935
$SQ $90/$95 Puts for Oct 19th,SQ,90,Oct 19th,1,0.9942,0.945,0.9421
"Buying $AMZN $2,000 $9/21 calls, then buying $AAPL $230 9/21 calls, then buying $AMD $35 9/21 calls",AAPL,230,9/21,1,0.9921,0.9367,0.8759
MU $40 9/21 FDS?,MU,40,9/21,1,0.9885,0.9933,0.9954
Holding 9/21 49.5 Puts for $ORCL,ORCL,49.5,9/21,1,0.9934,0.9936,0.9958
10 TSLA 267.50 naked 9/21 puts for weekend tendies,TSLA,267.50,9/21,1,0.9956,0.9794,0.9944
Loaded up AAPL $222 Oct 26 Calls,AAPL,222,Oct 26,1,0.9949,0.9924,0.9841
When your entire portfolio is in AMD $32 9/21 calls,AMD,32,9/21,1,0.995,0.9944,0.9955
lmao maximum pain for MU 9/21 is $67.50,MU,67.50,9/21,1,0.98,0.9641,0.9951
$CRON 9/28 $15 calls are $1.80,CRON,15,9/28,1,0.9958,0.9906,0.9952
Micron management to meet with Evercore ISI (PT $100) on 9/24,PT,100,9/24,1,0.8088,0.9465,0.9907
SMH nbev 9/21 2.5,SMH,2.5,9/21,1,0.9901,0.9739,0.9949
Looking at my 9/28 $35 AMD calls like,AMD,35,9/28,1,0.9917,0.9944,0.9947
Missed the $SBUX spike. Couldve made $244 on two $15 10/5 $59 calls but RobbinHood daytrade protection cockblocked me. Can we get an F in the chat?,SBUX,15,10/5,1,0.9863,0.9925,0.9951
"My account is in a nice little triangle flag thingy, bouncing off bottom, only position I got is SNAP $6 12/21 puts, SNAP gonna die this week",SNAP,6,12/21,1,0.8766,0.9945,0.9908
"SFM $30 Oct 19 calls, sell or hold?",SFM,30,Oct 19,1,0.9928,0.9937,0.9811
$SQ $90/$95 Puts for Oct 19th (UPDATE),SQ,90,Oct 19th,1,0.9941,0.9311,0.9281
"Me evaluating my next, entirely responsible, financial venture pre mar-- and it's $70 9/28 MU calls..",MU,70,9/28,1,0.9547,0.9895,0.9932
November 2nd $50 MU calls seem almost too easy to pass up on. How got those MU tendies on deck?,MU,50,November 2nd,1,0.8144,0.9904,0.9607
Accidentally sold 23 10/5 GRPN 4.00 calls. Any takers?,GRPN,4.00,10/5,1,0.989,0.9917,0.9939
"[DD] Buying $10 calls for PRTK, FDA decision 10/4",PRTK,10,10/4,1,0.9587,0.9919,0.9945
"Buying $10 calls for PRTK, FDA decision 10/4",PRTK,10,10/4,1,0.9708,0.9912,0.9947
Which one of you sick bastards bought the 9/28 $280 TSLA puts.,TSLA,280,9/28,1,0.9946,0.9919,0.9926
I have a few 10/5 $8 SNAP puts so can you please tell your straight friends Snapchat makes you gay?,SNAP,8,10/5,1,0.9626,0.9924,0.991
$$NBEV If any ppl sell it means U cut urself short of Making moneyPatience friends will pay off nicely Big Players say Soon $25.00 Oct 9th,NBEV,25.00,Oct 9th,0,0.9937,0.9708,0.9463
$SLV 13.5 jan 18 2019 calls up 37.8% today,SLV,13.5,jan 18,1,0.9951,0.988,0.8608
"$6 NBEV Call 10/19 - hold, sell, or exercise?",NBEV,6,10/19,1,0.9939,0.9938,0.9955
No longer an Options virgin. MSFT $118 Call @ 10/12 exp,MSFT,118,10/12,1,0.9956,0.9951,0.9926
First Option I've executed. MSFT $118 call @ 10/12 exp,MSFT,118,10/12,1,0.9955,0.9954,0.9943
$FB 167.50 10/12 calls are looking JUICY,FB,167.50,10/12,1,0.9926,0.9886,0.9952
400 GE $13 10/5 Calls,GE,13,10/5,1,0.9789,0.9787,0.9954
Talk me out of a full YOLO with margin on NEPT 11/16 $5 calls on open.,NEPT,5,11/16,1,0.9455,0.9934,0.9951
Bought $235 @ 12/21 APPL calls. Less go!,APPL,235,12/21,1,0.9828,0.9912,0.9935
What do you think about a strip strangle 2:1 on AMD at 25 and 27.5 expiring 10/12/2018,AMD,27.5,10/12/2018,1,0.9773,0.8592,0.9857
Who else bought 10/8/18 $17 SPY puts? 🤢,SPY,17,10/8/18,1,0.9926,0.9924,0.9557
YOLO $145 BABA Oct 19 Strike,BABA,145,Oct 19,1,0.9932,0.9903,0.9817
SQQQ March $10 puts are absolute gold right now.,SQQQ,10,March,1,0.9951,0.9895,0.9752
Put All My Money in JCP 11/2 $1 Puts,JCP,1,11/2,1,0.9617,0.9913,0.9952
"CGC 10/26 $80 Calls. Here’s my Tendies for the day. Get in before it’s too late, you’ll thank me next week",CGC,80,10/26,1,0.9932,0.9941,0.9949
Nov 19 $150 BABA YOLO - Round 2,BABA,150,Nov 19,1,0.9936,0.9913,0.9749
Me when I have CRON calls at $13.50 expiring Friday,CRON,13.50,Friday,1,0.991,0.9925,0.9632
"Mr. 401(k), my 10/19/ $50 SPY puts don't feel so good anymore",SPY,50,10/19,1,0.9924,0.9347,0.9923
PTLA $30 calls - Jan 2019 @ 1.35,PTLA,30,Jan 2019,1,0.9949,0.9947,0.9153
Told FB to yolo $90 Mu 7/20's while deactivating my account. don't have $ to actually short fb though,FB,90,7/20',1,0.9086,0.9876,0.9066
"$MU trailing twelve month return now negative. $41.31 close on October 19, 2017",MU,41.31,"October 19, 2017",0,0.9872,0.9848,0.8848
me looking at margin call after loading up on 10/19 $30 AMD calls,AMD,30,10/19,1,0.9904,0.9952,0.994
$280 TSLA calls 10/19 - papa Elon didn’t kill me but the banks certainly will,TSLA,280,10/19,1,0.9959,0.9844,0.9954
Me 1 after get 100000% ROI on my YOLO all-in life savings 10000:1 leverage 10/26 $60 FD $MU Calls,MU,60,10/26,1,0.9304,0.99,0.9917
$CRON $10 Call Exp 10/26,CRON,10,10/26,1,0.9958,0.9929,0.9929
Who bought all the $14.5 SNAP calls expiring Friday and why?,SNAP,14.5,Friday,1,0.983,0.9953,0.9413
I have $SNAP $5.5 Puts 11/2. When should I sell?,SNAP,5.5,11/2,1,0.9933,0.9957,0.9937
"ONE OF US ""Now is the time to buy Canopy"" - Cramer on Oct 19th, CGC @ 49.29",CGC,49.29,Oct 19th,0,0.9587,0.9723,0.8905
What is the current price of $270 10/26 SPY put?,SPY,270,10/26,1,0.9933,0.9831,0.9944
I have 1/18/19 $5 puts on SNAP. Sell before earnings tomorrow or just hold?,SNA,5,1/18/19,1,0.8862,0.9931,0.9808
LABU to $90 by Nov 2nd?,LABU,90,Nov 2nd,0,0.9887,0.9254,0.9026
RIP CCG $45 11/2 calls,CCG,45,11/2,1,0.9854,0.9944,0.9953
Quick Question About $MSFT 10/26 $115 Calls,MSFT,115,10/26,1,0.9954,0.9944,0.9951
Quick Question About 10/26 $115 $MSFT Calls,MSFT,115,10/26,1,0.9932,0.9933,0.9955
11/2 $8 SNAP calls. Autism?,SNAP,8,11/2,1,0.9828,0.9899,0.995
I bought AMD $30 Jan 19 calls at $20 each today,AMD,30,Jan 19,1,0.995,0.9938,0.9877
"Just sold my TSLA calls and now wondering, is the move to buy a few puts with some of my profit? Looking at 11/2 $310 strike.",TSLA,310,11/2,1,0.9949,0.9926,0.9913
"Welp, here is what is leveraging my yolo. $75k worth of SPY Nov 16 $265 Puts here I come. I’ll post the trade once the accounts funded.",SPY,265,Nov 16,1,0.9938,0.991,0.9871
"If FB hits $150 tomorrow, I will buy the first comment a Papa Johns Pizza with extra cheese and kosher pepperoni.",FB,150,tomorrow,0,0.9728,0.9246,0.8799
Bet: RHT $165 put 11/16,RHT,165,11/16,1,0.9944,0.9915,0.9934
"[SERIOUS]: IF FB hits $170 tomorrow, I will jerk off so hard tomorrow",FB,170,tomorrow,0,0.9475,0.9677,0.8265
Me Mum bought her first $260 12/21 AAPL call,AAPL,260,12/21,1,0.991,0.9821,0.9947
I had 47 AMD 22.5 11/2 Calls that I limit sold for .01 yesterday after buying for .10 ea last week AMA,AMD,22.5,11/2,1,0.9906,0.9915,0.9903
Call it coincidence but I found this elongated muskrat photo on the Internet today. Needless to say I picked up a few thousand 11/9 $420 TSLA calls immediately.,TSLA,420,11/9,1,0.9917,0.9901,0.9893
Anyone else have this bad of luck today on TLRY? 15 TLRY 11/9 $119 calls bought/sold today for $1k loss on day trade.....now at $140,TLRY,119,11/9,1,0.9698,0.9945,0.9946
$EGHT buys jitsu open source conference software Calls for $20 next week,EGHT,20,next week,1,0.9868,0.9815,0.8157
How F’d are my ATVI calls for 11/16? $65 strike.,ATVI,65,11/16,1,0.9873,0.9889,0.9906
UAL $90 11/16 PUTS,UAL,90,11/16,1,0.9861,0.9944,0.995
I usually only play this game after mass shootings. Now I’m playing it for my $6 11/16 $NBEV calls,NBEV,6,11/16,1,0.9906,0.9883,0.9937
ATVI 57.5 Feb 15 Calls. COD biggest game of year ✔Broken numerous sales and preorder records ✔ every 9 year old across the world will be bought this for Christmas✔ Q4 earnings ✈🌚,ATVI,57.5,Feb 15,1,0.9925,0.9912,0.9421
QQQ $164 puts 11/16 exp,QQQ,164,11/16,1,0.9957,0.9908,0.9941
"Steel hands with $20 11/16 AMD puts, bought them at .20 when AMD was $21, sold them for .45 when AMD bottomed at $19.80",AMD,20,11/16,1,0.9683,0.9892,0.9909
TWTR $41 PUT 12/21 LETS GOOOOOOO,TWTR,41,12/21,1,0.9926,0.9931,0.9936
I usually only play this game after mass shootings. Now I’m playing it for my $6 11/16 $NBEV calls,NBEV,6,11/16,1,0.9906,0.9883,0.9937
DGAZ doing 20:1 reverse split on November 26th,DGAZ,20:1,November 26th,0,0.9861,0.8442,0.8974
YOLO RHT 177.50 11/30 calls,RHT,177.50,11/30,1,0.9874,0.9903,0.9946
Did anyone else make a MU play for g20 this weekend? Currently straddling $37 1/18/19,MU,37,1/18/19,1,0.9424,0.9955,0.9793
USO $15 call 12/7,USO,15,12/7,1,0.9929,0.9924,0.9945
Went all in with $AAPL calls and some FD calls strike price $200 for 12/21 . How fucked am i?,AAPL,200,12/21,1,0.9931,0.9357,0.9929
VOO $260 12/21 calls,VOO,260,12/21,1,0.9945,0.9868,0.9953
BIDU Calls - $185 12/14,BIDU,185,12/14,1,0.9885,0.9916,0.9918
Looking at charts because closed market boredom. 12/21 SQQQ $15 $16 $17 calls looking kinda decent if Tariff Man Continues doing whatever a Tariff Man Can,SQQQ,15,12/21,1,0.9952,0.9927,0.9888
NVDA puts at 157.5 strike and exp. 12/14,NVDA,157.5,12/14,1,0.9899,0.9884,0.9795
$14 April'19 calls on $FAZ - balls to the wall bet against financials,FAZ,14,April'19,1,0.9681,0.9507,0.9763
1/18 $50 SPXL calls eating tendies tn boys,SPXL,50,1/18,1,0.9916,0.9937,0.994
Which one of you autists bought TSLA 01/18/19 $670 calls?,TSLA,670,01/18/19,1,0.9963,0.8769,0.9919
"JPM about to hype this to clients, company is sold out till 2020... Jan '20 calls @ $85 trading for just $0.78",JPM,85,Jan '20,1,0.9793,0.8169,0.9792
"$UXIN 12/21 2.5 puts, free money",UXIN,2.5,12/21,1,0.993,0.9744,0.9957
"GE $7 Put 12/21, Need Help.",GE,7,12/21,1,0.9777,0.9787,0.9952
Equifax rebounded from their drop in '17; thoughts on JNJ $134 Call 1/4/19?,JNJ,134,1/4/19,1,0.9892,0.9938,0.9564
Dec 21 SPY huge options puts $260. Read inside.,SPY,260,Dec 21,1,0.9944,0.8272,0.9731
"Welp, I think my 12/21 $40 MU calls are officially dead. It’s a good thing I’m in line for RH’s “Money Management” program so I can make it all back in 10 years.",MU,40,12/21,1,0.9502,0.993,0.9935
"Took everything out except for $50 two weeks ago to see what I could turn that into with options. Thank you $18.5 12/21 AMD Ps, and thanks to the Fed for being shitty",AMD,18.5,12/21,1,0.9675,0.9782,0.9935
"I know it’s probably just hedging, but buying 7000 $75 Puts on SPY for 3/15/19 seems just plain autistic...",SPY,75,3/15/19,1,0.9885,0.9805,0.9748
1/18 $14 Call on HBI for $0.10 looking for the rebound,HBI,14,1/18,1,0.9794,0.9934,0.9935
Who is with me on shorting QQQ to $125 with January 25 puts?,QQQ,125,January 25,1,0.9915,0.8714,0.9626
HELP! Ive got $SPY 235 Put that doesn't expire until 01/28. They are up 122%. Do I sell on Wednesday or hold?,SPY,235,01/28,1,0.9915,0.9209,0.9882
Tried to cancel my limit order for $MSFT 1/11 Calls @ $104 before market open last Friday but was too slow in the execution. Cut my losses and sell or ride it out?,MSFT,104,1/11,1,0.9952,0.9148,0.9938
BAC P 22.5 12/28 - PSA: Always take profit &amp; cut losses,BAC,22.5,12/28,1,0.9883,0.9934,0.9905
Still holding my SPY 1/18 $255 Calls,SPY,255,1/18,1,0.9949,0.9921,0.9952
Did anyone buy $47.5 $GOOS calls for Jan 4?,GOOS,47.5,Jan 4,1,0.9908,0.9951,0.9755
So i bought a $247 SPY call early this morning when SPY was at $246.91 with RH and I bought a $243 SPY Put with Ally Invest when spy was at $250.21. (all are 1/4/19) So the question is.... WHO WILL WIN!?,SPY,247,1/4/19,1,0.9846,0.9189,0.8858
Bought 15 YOLO SPY 1/4 $247 Calls about 24 hours before expiry. Averaged down and bought 5 more contracts while SPY fell. Averaged down again and bought 10 more contracts. Felt sick. Was down 1300 going into Friday. Sold an hour after open this for 9k profit.,SPY,247,1/4,1,0.9878,0.9923,0.9937
$LOW Feb $95 Calls,LOW,95,Feb,1,0.9932,0.9851,0.9821
20 PCG $30 strike calls for June 21st,PCG,30,June 21st,1,0.9921,0.9919,0.9424
"When your friend goes all in spending $16,500 on $SPY $240 puts exp 1/11",SPY,240,1/11,1,0.9953,0.9738,0.9918
$VALE June $15 Calls for $1.10 or better,VALE,15,June,1,0.9954,0.9877,0.9897
Down to $3 after failed $BBBY puts. Rise from the ashes challenge/yolo starting with 1/18 TEVA call,BBBY,3,1/18,0,0.9951,0.8731,0.9917
NIO cruises past Tesla in China Q4. News outlets haven't picked up the 6K - All in $6 calls for Feb 15,NIO,6,Feb 15,1,0.9779,0.9189,0.8498
58 Million Dollar AMZN Put. $1980 Strike. 1/17/2020 Expiration,AMZN,1980,1/17/2020,1,0.984,0.973,0.9888
"MRW Powell is about to speak, Trump just blew-up twitter, student loan bubble is bursting at the seams, and i just bought me some 1/18 $SPY $184 FDs. Never change WSB",SPY,184,1/18,1,0.9911,0.8025,0.9903
$NKE April $77.5 Calls for $3.75 or less,NKE,77.5,April,1,0.9944,0.9961,0.9792
"Thanks to whoever paid me $9,800 in premium on the TSLA Jan 2020 $400 put I sold",TSLA,400,Jan 2020,1,0.993,0.9496,0.9595
MU to $68 by Friday?,MU,68,Friday,0,0.8498,0.8919,0.837
"who dropped 23k worth of 0.01 jan 18, $MU 36.00 calls yesterday?",MU,36.00,jan 18,1,0.9894,0.9867,0.8783
TSLA $20 2/15 puts. You heard it here first.,TSLA,20,2/15,1,0.9966,0.9939,0.9933
"Robinhood exercised and sold my 1/25 LULU $149 Put. LULU was $151 at close on Friday, but I'll take what I can get. In unrelated news they locked down my account.",LULU,149,1/25,1,0.978,0.9873,0.9877
what is High Volume NFLX Feb 15 $400 strike call all about?,NFLX,400,Feb 15,1,0.9806,0.9908,0.9866
"Bought $21 call on AMD feb 15 expiration. Trying to calculate the value at premature price. Can someone give me an estimate of how much IV drop I should account for? Vega was 1.51373402 at close, iv as a percent was 173.71%. Can someone give me an estimate of the range it should fall to?",AMD,21,feb 15,1,0.9896,0.9934,0.9414
Here's what $SBUX $68 2/1 calls will do to your portfolio. (OUT with 10% Gain),SBUX,68,2/1,1,0.9931,0.9932,0.9927
FB $160 3/1/2019,FB,160,3/1/2019,1,0.9934,0.9889,0.9911
TTWO $120 call 2/8?,TTWO,120,2/8,1,0.9945,0.9949,0.9942
Poor man's YOLO. 2k on GOOGL 1177.5 call exp 2/8.,GOOGL,1177.5,2/8,1,0.9783,0.9108,0.989
When should I sell these JD 6/1 $24 calls,JD,24,6/1,1,0.9877,0.9899,0.9951
NIO 2/15 $8 calls #FreeMoney,NIO,8,2/15,1,0.9928,0.9911,0.9953
Which one of you autists bought $65 May 17 $PYX calls? Why do people blow money on such ridiculous options? Someone please explain to me how hedging sky high calls = profits.,PYX,65,May 17,1,0.994,0.9892,0.9927
$SNAP squeeze over or building base? YOLO those $8.5 puts for Friday?,SNAP,8.5,Friday,1,0.9734,0.9933,0.9124
Wrote a TSLA April 19th 225 put for $420 premium. Profit secured.,TSLA,420,April 19th,1,0.9957,0.8201,0.9897
CX 3/15 $5 calls play,CX,5,3/15,1,0.9922,0.9936,0.9955
"ALB Earnings: Why am I more excited about the single $90 (3/15) call in RH, than the 100 shares in my portfolio...",ALB,90,3/15,1,0.9815,0.99,0.9929
$KHC 3/15 $40 PUT. I was on my last $260 in RH yesterday.,KHC,40,3/15,1,0.9927,0.9927,0.9947
I bought 100 3/15 10.00 MDR calls. I’m an autist.,MDR,10.00,3/15,1,0.9863,0.9868,0.995
All in NIO calls 4/18 $10,NIO,10,4/18,1,0.99,0.9854,0.9953
All-in $PCG March 1 $20 Calls.,PCG,20,March 1,1,0.9946,0.9928,0.984
Owning WTW $32 3/1 calls be like...,WTW,32,3/1,1,0.9924,0.9946,0.9908
"So I was hung over monday morning and bought 10 ATVI 43.50 calls expiring 3/1, instead of stock, by mistake",ATVI,43.50,3/1,1,0.9927,0.9924,0.9912
TSLA puts! Not pictured here my 7 337.5 1/3 calls...,TSLA,337.5,1/3,1,0.9954,0.9362,0.992
"Just a modest win for the day, CHK March 1 3.00 Calls +640% on expiration Day. Wish I had bought more than 20 contracts.",CHK,3.00,March 1,1,0.9879,0.9903,0.9761
"Low key considering SPY July 19 $390 Calls. (For leverage, I know it’s not going there)",SPY,390,July 19,1,0.995,0.9926,0.9917
This one hasn’t aged well - 10.5 calls $JNUG expire 3/8 and 3/15,JNUG,10.5,3/8,1,0.9886,0.9933,0.9805
$274.50 3/22 SPY Put,SPY,274.50,3/22,1,0.9936,0.9805,0.9952
CVS tendies. 10 $55 calls 4/05.,CVS,55,4/05,1,0.9891,0.9941,0.9954
PSA: NIO 4/17 $7 calls are $0.15,NIO,7,4/17,1,0.9915,0.9938,0.9953
Someone convince me buying $35 IQ 4/18 calls was a good idea,IQ,35,4/18,1,0.9848,0.9869,0.9943
"I only have one position open from now until May, and it is a 4/26 $171 put contract on SPY",SPY,171,4/26,1,0.9193,0.9878,0.9947
+1 AMD put $25 exp. 3/29- daytrade and profitability question,AMD,25,3/29,1,0.9864,0.9941,0.9894
$288 2/27 SPY calls,SPY,288,2/27,1,0.9923,0.9885,0.9955
"Thanks to Tim $AAPL July 2019 calls $185 $195 and $200, respectively",AAPL,185,July 2019,1,0.9942,0.9788,0.9567
Noob question: how is it possible/profitable to purchase a put that is above the current strike price? Example: 04/05 $190 APPL puts are $3.55ea but the current stri price is 188.48? 04/05 $190 calls are $2.19. I don’t understand the difference I guess.,APPL,190,04/05,1,0.9689,0.977,0.8541
"Fuck, went into a autistic rage at the end of day and bought 11 $280 3/29 SPY Puts. 82% of my portfolio.",SPY,280,3/29,1,0.9939,0.9907,0.9942
"Its all about the grip strength. $VFF x 100 + 2x each 4/18 12.5, 14, 15, 16 calls.",VFF,12.5,4/18,1,0.9772,0.8684,0.9937
