Author,AuthorID,Body,ID,Title,Created,NumberOfComments,Score,UpvoteRatio
ThatOtherGuy2122,t2_17vq8grzfx,"Looking at Civitas considering the rumor mill is that Chevron is going to buy all or part of the company. 
Civitas just hired a new COO/Pres after lay offs and restructuring. To me that indicates a plan to keep the company rolling without selling completely. 
",1kw4fqj,Investment advice,2025-05-26 20:20:13 +0000 UTC,0,1,1
wsbapp,t2_qbvp0eq8b,This post contains content not supported on old Reddit. [Click here to view the full post](https://sh.reddit.com/r/wallstreetbets/comments/1kw3w0q),1kw3w0q,"What Are Your Moves Tomorrow, May 27, 2025",2025-05-26 19:57:32 +0000 UTC,241,21,0.96
trecurr,t2_a25sf138,What's everyone's thoughts? Was also thinking about going a couple of weeks out. ,1kw1r3u,Nvda 150 calls Exp may 30,2025-05-26 18:29:54 +0000 UTC,61,36,0.78
Relittito,t2_5lsc2lfg,,1kvyln3,Here s how my gambling went last week. How s yours going?,2025-05-26 16:24:40 +0000 UTC,41,94,0.87
SenatorOgg,t2_1bo900w2,"NVDA reports after close on May 28. Last earnings beat expectations and still dropped 8%, so don‚Äôt assume a strong report = green day. Options market expects some decent volatility again

That said, long-term story still looks super strong. They basically *are* AI right now ‚Äî not just GPUs, but full-stack hardware + software. CUDA is everywhere. And now they're pushing into self-driving + robotics too.

Some worries lately about China export stuff and tariffs, so short-term could be rocky

Long term? Still a buy ‚Äî I‚Äôve got a small position and will add more if it dips.   Short term? Could go either way. If you‚Äôre trying to trade it, be ready for a whipsaw.     Definitely tuning in to the call to see what Jensen says.

",1kvwb3d,NVDA Bulls vs. Tariffs: Who Wins on Earnings Day,2025-05-26 14:51:33 +0000 UTC,77,93,0.88
FatFreeSkimmedMilk,t2_11lm1o,"Update from my previous post where I had $DUOL puts and $AMC 2026 calls. 

In summary:
- Sold DUOL puts last week after going 542$ to 515$.
- Sold AMC calls for 2026 at profit
- Combined all profits and went all in on September calls for AMC 3.5 strike.

How regarded am I? ü§î",1kvvcjj,$AMC 20k$ call bet for Memorial Weekend pump,2025-05-26 14:11:28 +0000 UTC,40,76,0.79
wilbo75771,t2_ksbsr1e,"Nvidia ([NVDA](https://finance.yahoo.com/quote/NVDA)) has outperformed every stock in the S&amp;P 500 ([\^GSPC](https://finance.yahoo.com/quote/%5EGSPC)) since¬Ý[the launch of ChatGPT¬Ý](https://finance.yahoo.com/news/how-chatgpt-changed-the-world-of-tech-in-just-one-year-180957543.html)in late November 2022 Shares in the chipmaker have risen nearly 700% since ChatGPT brought the power of artificial intelligence to the masses, far outpacing the S&amp;P 500's roughly 45% over the same time period. The next closest gain for an S&amp;P 500 company in that time period is a 540% pop for Vistra Corp ([VST](https://finance.yahoo.com/quote/VST)).Nvidia has established itself as the key provider of chips needed to operate AI systems. Now at the epicenter of an AI arms race, Nvidia has established itself as[¬Ýa cornerstone of the recent bull market](https://finance.yahoo.com/news/live/stock-market-today-tech-leads-stocks-higher-as-nvidia-surges-to-record-high-175727614.html)¬Ýin stocks as the company's sales and profits have skyrocketed over the past several years.

Ahead of the¬Ý[company's next quarterly earnings release on May 28](https://finance.yahoo.com/news/nvidia-to-report-q1-earnings-as-middle-east-deals-export-control-reprieve-boost-stock-122728218.html), we broke down some of the most eye-popping charts that show how Nvidia became one of the most-followed stocks in the market.There's perhaps no clearer way to see how Nvidia ran away from the competition in the AI boom than looking at the company's market capitalization against its peers. Back when ChatGPT launched, Nvidia had a market cap of just over $400 billion. It's now over $3.3 trillion. Over that same time period, chip competitor Intel's ([INTC](https://finance.yahoo.com/quote/INTC)) market cap has actually decreased, while Advanced Micro Devices' ([AMD](https://finance.yahoo.com/quote/AMD)) market cap has increased incrementally from $125 billion to $177 billion.Nvidia's rise proved to be at the center of a new technological boom. Combined with Nvidia, the rise in dominance of six other companies ‚Äî Apple ([AAPL](https://finance.yahoo.com/quote/AAPL)), Alphabet ([GOOGL](https://finance.yahoo.com/quote/GOOGL),¬Ý[GOOG](https://finance.yahoo.com/quote/GOOG)), Microsoft ([MSFT](https://finance.yahoo.com/quote/MSFT)), Amazon ([AMZN](https://finance.yahoo.com/quote/AMZN)), Meta ([META](https://finance.yahoo.com/quote/META)), and Tesla ([TSLA](https://finance.yahoo.com/quote/TSLA)) ‚Äî formed what would come to be known as the¬Ý[""Magnificent Seven.""](https://finance.yahoo.com/news/one-chart-shows-how-the-magnificent-7-have-dominated-the-stock-market-in-2023-203250125.html)

The group began the AI boom with a combined market cap just shy of $7 billion. Now, two and a half years later, the Big Tech group's market cap is worth over $16.8 trillion. The seven companies have grown from about 22% of the S&amp;P 500's market cap in November 2022 to 32% of the index's market cap today.Given the outsized weighting in the S&amp;P 500, large swings in shares of Nvidia have become a feature of how even broad market investors are thinking about the direction of stocks. In June 2024,[¬Ýthree Wall Street strategists boosted their year-end S&amp;P 500 targets](https://finance.yahoo.com/news/ai-enthusiasm-prompts-3-wall-street-banks-to-raise-stock-market-forecasts-100027154.html), citing better-than-expected consistent performance among key AI players.

As of May 19, the Magnificent Seven have accounted for about 52% of the S&amp;P 500's gain since Nov. 30, 2022. Nvidia alone has contributed 17.21%, by far the most among the group, with the next closest stock, Microsoft, which has added about 8.8%.Nvidia's stock hasn't been rising from just hype. The company's quarterly financial metrics have soared. In the quarter ChatGPT launched, Nvidia posted revenue of $6.3 billion. Two years later, it would post revenue of $35.3 billion. That's a 460% increase in sales in two years. As seen in the chart below, the main source of growth for Nvidia has been its data center revenue segment, which includes the sales of its AI chips.

From the company's fourth quarter of 2023 to its final quarter of its 2025 reporting period, data center revenue grew almost 900%.

Nvidia's data center revenue particularly stands out when considering its rise against peers in the industry. In the final quarter of 2024, Nvidia notched a record $35.58 billion in just data center revenue, up from $3.62 billion in the final quarter of 2022.

In comparison, Alphabet's data center revenue increased to $11.96 billion, ending 2024 up from $7.32 billion in the final quarter of 2022.



",1kvuqnj,NVIDIA Artificial Intelligence,2025-05-26 13:45:42 +0000 UTC,53,152,0.91
vanuatu124,t2_5n4b2r0ag,"he U.S. dollar is testing a couple of key support levels as the market is clearly getting restless again over tariff uncertainty. Traders are more or less reminiscent of the U.S.-China trade war. Although it is not 2019, but the ‚Äúfamiliar tension‚Äù is back.



Recent analysis and current tariff policy:

U.S. bond yields fell a little bit, the dollar less interest rate support, coupled with the market for the second half of this year rate cuts are still expected (such as September or November), no one dares to bet on the Fed to raise interest rates again!

President Trump's threat to impose tariffs of 25% to 50% on iPhones made in China has prompted Apple to accelerate plans to move production lines to India and Trump's announcement that he will impose tariffs of 50% on European Union imports starting July 9, after imposing a 10% ‚Äúreciprocal‚Äù tariff on EU goods.



Market Reaction and Economic Impact:

Market Volatility: The Trump administration's tariffs have triggered sharp swings in global markets.

Slowdown in economic growth: High tariffs could dampen economic growth and lead to a decrease in government tax revenues. In addition, companies may reduce the impact of tariffs by avoiding them or adjusting their supply chains, further undermining the effectiveness of the tariff policy

So, all in all It's not that the dollar is going to collapse, but if trade policy continues to be ambiguous and macro data is not strong, then the dollar may continue to dip in the short term



My point of concern:

DXY support around 104 - if it breaks down here, then there could be a real downward move.

The EURUSD is strengthening and commodities (e.g. gold) are slowly moving higher in a classic ‚Äúdollar under pressure‚Äù configuration. Unless Powell has something new to say in his next speech, it will probably be a lower week.



My summary:

The dollar has been a bit of a bear lately.

Tariff uncertainty is making the market nervous.

Markets are generally conservative , watch the DXY and safe-haven asset movements.



",1kvubow,Dollar under pressure as tariffs start to stir things up again,2025-05-26 13:26:31 +0000 UTC,100,294,0.9
wsbapp,t2_qbvp0eq8b,This post contains content not supported on old Reddit. [Click here to view the full post](https://sh.reddit.com/r/wallstreetbets/comments/1kvqlkq),1kvqlkq,"Daily Discussion Thread for May 26, 2025",2025-05-26 09:57:41 +0000 UTC,4060,142,0.91
Eighty7Vic,t2_14hi6j0x,"I've found myself watching Tubi more and more lately. While questioning why I keep burning $20 a month on Hulu, $18 on Netflix, $9.99 on YouTube Ad Free and I somehow feel like there must've been a catch with Tubi. Because there's always a catch with these streaming giants. 

Then it occured to me. Tubi TV isn't a giant. But it can be and I believe it will be. 

Nearly 100 million subscribers as of present day. Short of Netflix. But let's face it, the content on there is lacking. 

It's free. But they can grow further by exclusive TV deals and button deals to be on every TV remote. If the service can draw in users then it can grow further by being in everyone's home. 

I'm sure there are others reasons and maybe I'm full of shit. But I am taking a chance. 

I'm gonna start purchasing some Fox class A stocks because that's as close as I can get to owning shares in Tubi. 

I feel like Tubi is the underdog. I do love a good underdog!

Good luck everyone. Rant done. ",1kvnpk9,Fox class A stocks and Tubi TV the underdog?,2025-05-26 06:40:48 +0000 UTC,16,29,0.81
StockTradingForLife,t2_1ivzjpzwna,"UNH was over $500 because they were denying more claims than others. Their main advantage was offering employers cheap insurance because they denied all claims. 

Even after the DOJ investigation is complete, there is no way they are going to make the same profits they were making in the past.  
They are going to increase the number of claims they approve because of what happened last year.

They will make losses and when the enrollment period comes they will raise their premiums and match other providers. Employers will have no reason to keep them. 

There are more people looking at their claims and rejection numbers than before. 

It's very unlikely the stock price will go back to what it was last year.

Positions: 100 CRWV shares. 5 UNH December 2025 calls at 350.
",1kvleod,UNH is not going back to &gt; $400,2025-05-26 04:18:22 +0000 UTC,298,978,0.87
TopKick8011,t2_1mshuhvxlm,"With uncertain economy, the expansion of competitors (especially PANW), and raging high P/E ratio (now 130), the stock will get beaten down heavily unless earnings are ridiculously solid. It also has a history of post-earnings stock price decreases even when having excellent earnings in the past. ",1kvfqeo,Prediction: Crowdstrike will need to CRUSH earnings above and beyond guidance to avoid a post-earnings crash,2025-05-25 23:10:40 +0000 UTC,59,204,0.89
lilmutt32,t2_lua9l2gw,NVDA is undervalued. If it rejects $140 I‚Äôm throwing 10k more into the September calls. üñçÔ∏è,1kvcvlc,NVDA to $160,2025-05-25 20:57:03 +0000 UTC,88,409,0.91
wsbapp,t2_qbvp0eq8b,This post contains content not supported on old Reddit. [Click here to view the full post](https://sh.reddit.com/r/wallstreetbets/comments/1kvbize),1kvbize,"What Are Your Moves Tomorrow, May 26, 2025",2025-05-25 19:57:45 +0000 UTC,5142,192,0.87
Mcneill122,t2_otwre,,1kvahxn,Are gamblers welcome?,2025-05-25 19:12:51 +0000 UTC,27,65,0.83
Tigulla_SRT24,t2_rxlavjo69,Is it still gonna print üí∞ üíµ ,1kv7he1,$UNH CALL$,2025-05-25 17:05:03 +0000 UTC,110,246,0.88
Life-goes-on-baby,t2_3yvud11n,only play with leaps if you are doing it big.,1kv64zm,"i am out degens. Googl, you r terrible",2025-05-25 16:07:05 +0000 UTC,714,3343,0.94
bkko123,t2_1zqelkl6,"I'm dumb and I didn't know I had to post screenshots of my positions and so it got taken down. So here is my dd again with my positions as well. I bought on Friday morning after doing some research on Thursday night at $45.87/share and now its $45.42. Let me know if I need anything else.

VVX (V2X Inc.) is a defense and government services contractor that basically helps the military manage their bases by providing logistics, cyber security, training, and aerospace solutions. It is currently trading around $48 but here is why I think it can at least double its value by the end of the year.

**1. Steady revenue stream from multiple government contracts**

1. $3.7 Billion ‚Äì U.S. Army Warfighter Training Readiness Solutions [https://www.prnewswire.com/news-releases/v2x-secures-3-7-billion-task-order-to-spearhead-next-generation-readiness-and-training-capabilities-for-us-army-worldwide-302226964.html](https://www.prnewswire.com/news-releases/v2x-secures-3-7-billion-task-order-to-spearhead-next-generation-readiness-and-training-capabilities-for-us-army-worldwide-302226964.html)¬Ý
2. $11.9 Billion JETS 2.0 Contract [https://www.prnewswire.com/news-releases/v2x-awarded-position-on-11-9-billion-jets-2-0-contract-to-deliver-cybersecurity-solutions-302264119.html](https://www.prnewswire.com/news-releases/v2x-awarded-position-on-11-9-billion-jets-2-0-contract-to-deliver-cybersecurity-solutions-302264119.html)¬Ý

These are just two biggest ones and there are many many more here if you interested [https://www.prnewswire.com/news/v2x%2C-inc./](https://www.prnewswire.com/news/v2x%2C-inc./) This shows that VVX has a lot of revenue laid out in the next few years and still has even more room to grow as they take on more contracts. And because these are government contracts, there is a high renewal chance on these contracts which means recurring revenue streams.

**2. High institutional ownership**¬Ý

According to Dow Jones Institutional News, institutions own around 16,015,893 shares of VVX. Given that VVX has around 31.68 million shares outstanding, this means institutions own about 50% which suggest a strong foundation in the company.

While I would like to put a link to this, I got this news from my broker so if you use interactive brokers, you can find the news there or maybe your broker has the news too. But here are the shares that some of the institutions hold for reference:

Fidelity Management &amp; Research 3.2 m

BlackRock 1.5m

FIAM LLC 1.5m

Vanguard 896k

**3. Business stability**

This company has been around for over a decade and has been formed via a merger of Vectrus and Vertex in 2022 so this is not just a flashy start up that will die down. They operate in over 50 countries and employs around 16,000 people with the majority of those people being veterans(another plus for a defense company)

**4. Low Volume**

This is a double edged sword as low volume can indicate a bearish sentiment on the stock. However, considering how VVX only has a 7% short interest and high institutional ownership I believe that this is not the case.

In fact, I think its just that there is no sentiment because no one knows about this stock. The average daily volume is 270k which is very very small compared to other companies with such a good foundation. There hasn‚Äôt been any reddit posts or any mention of the stock on the news and the few youtube videos that exist have less than 50 views. This means that its a stock has has been completely missed by retail investors and has a huge potential to grow once people start looking at the stock.¬Ý

**Now here is the downside as well:**

Their PE ratio is currently around 36, which is high for a defense contractor. However, I believe this is temporary.

VVX recently landed several multi-billion-dollar government contracts. In the early stages of fulfilling these contracts, the company invests heavily in systems, infrastructure, and personnel ‚Äî expenses that reduce short-term profits.

Once the initial setup is complete, these costs drop significantly while revenue continues, which should lead to a much lower PE ratio and stronger earnings.

In fact, their net income has already grown 608% YoY, showing that profitability is trending in the right direction.

**Future Catalysts**

* Next earnings report showing increased income by reducing costs
* More large contract awards (they‚Äôve already landed over $15B+ in just the past year)
* Initiation of analyst coverage or ETF inclusion
* More attention from retail investors

**TL;DR**

* VVX is a defense contractor with with $4.3B revenue and 50% institutional ownership
* It trades at low volume (\~270k/day), has almost zero retail awareness, and has landed over $15B in multiyear government contract over the past year
* Could easily 2x by the end of the year once the market catches on

*Disclaimer: this is my first time doing dd so if I am doing something wrong, let me know how to fix it*

https://preview.redd.it/jp0v1iyy3y2f1.png?width=3682&amp;format=png&amp;auto=webp&amp;s=4e5b71aa24ab0ae13810df4f5596fa775e26da93",1kv58dx,"Repost of my DD for VVX, $1.5B company with over $15 billion in defense contracts and 50% institutional ownership",2025-05-25 15:28:04 +0000 UTC,56,178,0.86
PsychologicalFact299,t2_pd020c7x,"Overnight ROST 135 aug 15 put 

Bought before earnings release sold a little after open! ",1kv56be,First post ROST put,2025-05-25 15:25:37 +0000 UTC,7,42,0.85
KingDombar05,t2_ch3x6aoc,Calls calls calls ,1kutran,Am I cooked chat?,2025-05-25 04:08:13 +0000 UTC,48,0,0.46
Diaper_Gravey,t2_11ra6wi0q4,Lets ride,1kupmur,Who riding the $UNH train with me üöÇüöÇüöÇ,2025-05-25 00:12:37 +0000 UTC,528,733,0.9
hazxrrd,t2_1685su,"TL;DR / Saw before Positions screenshot:  
\-Analysts expect EPS down QoQ   
\-I expect growth QoQ   
\-it's not priced in  
\-Looking to buy weekly call spreads

Positions: 

[126 shares and a covered call, plan to do weekly spreads for ER maybe the 130\/131 call spread](https://preview.redd.it/xcr5skbmet2f1.jpg?width=1179&amp;format=pjpg&amp;auto=webp&amp;s=ce7f9d2c0d1b2892f4f53d1c2914cea6b1e51f8c)

At the beginning of April, the analyst consensus for NVDA‚Äôs Q1 EPS was an average of $0.93 per share, up from $0.89 in Q4. NVDA‚Äôs EPS has increased QoQ since 2022, when both Q2 and Q3 EPS were $0.03, down from $0.06 in Q1. The image below shows the trend and revisions for analysts‚Äô EPS estimates this quarter.

https://preview.redd.it/2cew4jyvet2f1.png?width=1046&amp;format=png&amp;auto=webp&amp;s=9583d6f1ac0e6d4f870e6da9b8329198681e3e99

The current average estimate is around $0.73 within a week of the release.¬Ý**That is a decrease of over 20% from the previous consensus, and calls for NVDA‚Äôs first decline in EPS QoQ since 2022.**¬ÝSo what‚Äôs causing this massive shift in expectations?

People will quickly cite the $5.5 billion charge ‚Äúfor inventory, purchase commitments, and related reserves‚Äù as the reason for such a drop,¬Ý**which is completely wrong.**

The charge will almost certainly be listed as a GAAP Non-Operating Expense, meaning that the Non-GAAP expense segments should be minimally impacted. Headlines report the non-GAAP EPS number, meaning the downward revisions have more to do with the indirect impacts of the China export ban and other trade controls, rather than the direct $5.5 billion charge.

A deeper look into the estimates will show that data center revenue and data center margin have seen the most significant negative revisions. The revisions come in response to the H20 ban, which resulted in a loss of 2 weeks of sales in China, and changed the product mix as a % of sales in the quarter.

These are two negative impacts on profitability, with sales and margin on those sales both seeing steep declines. However, it appears analysts may be overestimating how much revenue was lost from those two weeks in China, and may have completely misunderstood how margins will be impacted entirely.

According to Business Daily, China sales represented 13% of NVDA‚Äôs revenue last year, and the share of sales in China has been trending down. Since 2 weeks of a 13 week quarter is about 15% of the total time, and about 13% of revenue from that two weeks is gone, basic math tells us Data Center Revenue should decrease by roughly 2%.

My initial estimate was $41.0 billion, and decreasing it by 2% would amount to about $40.2 billion. Analyst consensus is sitting around $38.5 billion according to Nasdaq(dot)com, an increase of only 8.1% QoQ. Below is a graph of Data Center Revenue for the past 11 quarters, shown in blue, with the red point being analyst estimates for the current quarter.

[The Consensus is a massive slowdown this quarter](https://preview.redd.it/2rosyfazet2f1.png?width=1967&amp;format=png&amp;auto=webp&amp;s=d4715f993863c35850b5e96c315e0c5a05e12a7d)

As for the impact on gross margin, analysts have revised their estimates down due to the shift in product mix without the H20 chips and other China products.

According to Yahoo Finance, H20 chips were estimated in the 50% range for margins, and their recent strength actually put downward pressure on margins. This means it is unlikely that the new product mix has a significantly lower margin than pre-H20 ban.

The company-issued guidance for gross margin in the current quarter is 71%, with the average analyst now expecting 68.4% according to CMC Markets.

Since the total revenue average estimate is $43.1 billion, and $38.5 billion is data center revenue, we know the other three segments are estimated to contribute $4.6 billion to total revenue.

I estimate $4.2 billion from the remaining segments, but a higher gross margin using 71% from company-issued guidance.

So, how much distance is between my estimates and the analysts‚Äô estimates? Well, analysts are currently expecting $43.1 billion in revenue and 68.4% gross margin, while I anticipate at least $44.3 billion and 71% margins. The product of those numbers is the profit before subtracting Operating and Non-Operating Expenses, and dividing by shares outstanding.

**I have $31.453 billion, while the analyst consensus is $29.48 billion, which is almost $2 billion lower.**

Even if expenses come in higher than the company-issued guidance, analysts have sandbagged expectations going into the print. I expect a massive ‚Äúsurprise‚Äù beat on earnings day.

**Most importantly, a large beat still may not be priced in, even after the pre-earnings rally. The stock is still around the same price it was going into last quarter‚Äôs print. If we see QoQ earnings growth beating estimates, I believe investors will take the stock higher, while if this is all a pipe dream and earnings do decline, we could stay rangebound or worse.**¬Ý

**As always, this is for educational purposes only and should not be taken as financial advice.**¬Ý",1kuoxss,[With Clear Positions] Analysts Expect First EPS Drop Since 2022!? Why They're Dead Wrong,2025-05-24 23:36:03 +0000 UTC,17,21,0.74
azavio,t2_8oubhqdo,"First, the significant moves and impact on SPY within the 50ish decision pool highlighted below :

* In the week end leading to Monday morning, February 3, 2025, Trump unveiled steep tariffs on North American and Chinese goods, leading to a 2.0 % ish ( at some point) in SPY as markets reacted to geopolitical tensions.
* On Monday morning, March 3, 2025, Trump imposed new tariffs on Canada, Mexico, and China, prompting a 1.8 % ish ( at some point) drop in SPY amid renewed trade war fears.
* On Wednesday afternoon, April 2, 2025, Trump announced sweeping tariffs on global imports, leading to a 6 % ish (at some point) plunge in SPY the next day in a sharp market crash.
* On Wednesday morning, April 9, 2025, Trump declared a 90 day pause on most tariffs except China, sparking a +9 % ish ( at some point) rally in SPY, the best single day gain since the 1940s.
* One day after,on Thursday morning, April 10, 2025, Trump clarified that tariffs on Chinese imports would be even higher than expected, reversing prior gains and dragging SPY down 4 % ish ( at some point).

Digging deeper, below is an analysis of Trump Announcements impacts ( only the 50 ish most relevant , summary table below) on the Stock Market since January 2025 up to mid May 2025, or an average of 2.5 meaningful announcement per week since January 20, 2025; or \~17 weeks ). Index prices (NYSE composite and SPY) and sectorial ETFs were mainly analyzed. For SPY, data output and overall reaction is a bit skewed toward magnificent seven and IT sector reaction given their weight and market cap.

Some Redditors asked about how impact is assessed. This involved lot of data scraping and adjustments to isolate the effect of the news. Typically, after an announcement, I tend to analyze the index direction 24 hours prior to identify the pre-existing trend, which could come from a general event or another Trump announcement. Then, I examine the index performance 24 hours post announcement (mostly from the last close to the closing price at the day of the announcement or to a specific trading hour). So, if Trump reverses a policy within three trading sessions for instance, the broader NYSE composite index's variance may initially seem minor (1 to 3 %) over plus or minus few trading sessions, as to cancel previous decision impact and due to its overall composition, a basket of sectors (defensive, cyclical, etc..). However, when zooming on sectors or stocks highly sensitive to specific announcements, the material impact can be isolated. And after the analysis, once I find a trend, I peer review it independently with Grok, Chat GPT, Claude (latest updates are very strong in analyzing complex data) and Gemini. 

At first, I thought Fridays were the worst, because a surprise announcement over the weekend could hurt my investments when markets reopen Monday but the analysis didn‚Äôt fully confirm that. What is certain though is that a Friday announcement late in the day, or early Monday morning can seriously mess up a trading plan if you have a significant dollar exposure.

Let‚Äôs see if his next announcements fit the pattern in the upcoming weeks and beyond until he decides to retire from presidency..I will be updating this monthly and include also impact on options prices

Positive impacts:

* Defense, private prison, and energy sectors often saw gains after border, military, and energy policy announcements.
* Tech stocks benefited from deregulation, AI investments, and new councils focusing on science/technology.
* Tariff announcements had mixed but generally sector-specific positive impacts on U.S. producers.
* Cryptocurrency and memecoin promotions caused spikes in crypto-related stocks.

Negative impacts:

* Broad market dips often followed announcements around tariffs on imports and federal aid halts.
* Healthcare and education sectors were negatively affected by funding cuts and bans.
* Renewable energy and EV-related stocks dropped when Trump reversed Biden-era environmental policies.
* Consumer goods stocks occasionally dipped due to tariff threats and trade tensions.

Neutral/Minimal impact:

* Social and political announcements like pardons and symbolic declarations usually had minimal stock market impact.
* Some federal policy reversals had muted or negligible effects on broader markets.

¬Ý**Typical Market Reaction Patterns**

* Morning announcements (9:00‚Äì11:00 AM EST):
   * Often involved regulatory changes, new councils, or executive orders.
   * Markets reacted positively to innovation-related announcements (AI, crypto) and negatively to funding cuts.
* Afternoon announcements (12:00‚Äì7:00 PM EST):
   * Frequently focused on enforcement actions, tariffs, and emergency declarations.
   * Mixed market reactions: defense and energy up, consumer and manufacturing stocks down.
* Day of week trends:
   * Monday: Multiple impactful policy announcements; mixed market reactions with slight dips due to policy uncertainty.
   * Tuesday &amp; Wednesday: High frequency of tariffs, funding cuts, and enforcement announcements; often negative or sector-specific impacts.
   * Thursday: Mostly enforcement, immigration, and defense-related announcements; moderate positive impact on defense.
   * Friday: Mixed, including sanctions, crypto promotions, and layoffs; markets generally down or flat.
   * Saturday &amp; Sunday: Few announcements, mostly symbolic or enforcement-related with limited market impact.

And again, thanks all for your feedback and your suggestions. Also, Summary table below may not display if you are on a mobile device; you can copy the link and read it in a browser.

https://preview.redd.it/ft8z52vyet2f1.png?width=1086&amp;format=png&amp;auto=webp&amp;s=251969f13fd9efe0d35a7a34e71974167b6fb2b4",1kuox31,Mapping Trump Announcement impacts on stock market since January 2025. Most of them happen in the Wednesday and Thursday Morning,2025-05-24 23:35:01 +0000 UTC,182,3920,0.97
Traditional_War_8229,t2_7mbcp6iq,,1kuo4zl,"Sold puts on NVDA, got assigned, now have $250,000 on 2X leveraged NVDA ETF - will hold into earnings - If Tuesday holds.",2025-05-24 22:56:01 +0000 UTC,93,147,0.92
Wanker48449,t2_m50kvyji,,1kun2oc,ALL OR NOTHING.,2025-05-24 22:03:57 +0000 UTC,173,255,0.93
FeeImpressive8644,t2_tcxv6e3s,If the 342s get to 8.0 I'll sell for a loss but I just have that regarded feeling to hold over the weekend. Manger at wendys might be an option if it doesn't play out smh. ,1kumyqa,See you at 25k if not oh well,2025-05-24 21:58:56 +0000 UTC,55,52,0.77
TearsTheOg,t2_jry0u1fh,How cooked am I on Tuesday?,1kumwnl,UNH call,2025-05-24 21:56:14 +0000 UTC,100,89,0.9
Deep_Photograph6914,t2_1fs6ydjl32,"So everyone who‚Äôs been active knows the memes of Klarna doubling their losses in Q1 after $136m in customer debts went unpaid, e.g. The Burrito financing, Costco Hotdog Financing etc.

The absolute sheer ridiculousness of these BNPL offers has gone through the roof, 0% financing on Food? Amazing! Can‚Äôt go wrong, right?

A $1.50 Hotdog? BNPL! We know if you cant afford $1.50 now, you‚Äôll definitely be able to afford it in a week! Zero doubt!

Credit checks? Pff, whats that? Just do it! We believe in you :)

If only they IPO‚Äôd before these events, the puts would have been PRINTING all day long",1kuje0q,I wish Klarna‚Äôs IPO happened before they reported the massive losses,2025-05-24 19:12:48 +0000 UTC,142,686,0.96
just-tri-hard,t2_qfdx4472,,1kuifdo,never kill yourself,2025-05-24 18:30:09 +0000 UTC,607,6882,0.94
ldmonko,t2_383lf8ia,"Basically the headline.

Honestly i haven‚Äôt seen a lot of quality discussion about the planned robotaxi launch in June. Otherthan bulls and bears yelling on each other and random meme shit. 
Let‚Äôs collect all the facts and try to find what‚Äôs gonna happen in few weeks. 

Here are some facts we know so far and i will try to be impartial as i can be and just state facts and not my opinion. 
- Elon announced robotaxi planned launch in Austin in June. 
- TSLA stock has rallied 40+ % since the announcement. 
- TSLA sales are being disastrous worldwide and on going sales news are negative. Hence making the stock rally purely based on hopium on robotaxi launch. 
- TSLA FSD is currently at level-2 autonomy. 
- Full autonomy with driver less operation is level-5. 
- Tsla uses a complete vision based system. vs competitors multiple sensors including LIDAR and Radars. 
- We haven‚Äôt seen any test vehicles or any tests happening around robotaxi despite launch date being just few weeks away. (Waymo did years of testing before making their service publicly available)
- On the otherside, tsla fans seems to be seeing all the current fsd being driven by consumers are actual test and that is good enough for fsd launch. 

That‚Äôs all for now. Let‚Äôs discuss and as we go we can add more points and if possible we can keep this as a long thread to keep track the planned event. 
",1kugymb,Realistically what is going to happen with TSLA robotaxi launch,2025-05-24 17:25:41 +0000 UTC,735,378,0.86
thelankyasian,t2_26dl1rth,"https://preview.redd.it/lfwajuqqzq2f1.png?width=2017&amp;format=png&amp;auto=webp&amp;s=c68378c8b0d2f700f003c37dfafa362ce607d2bd

I've been chunking money into the weeklies. It's been a crazy time in the casino!

Edit: To clarify, I am buying the weeklies but, day trading them. Sometimes I jump out in a few mins. Sometimes a few hours. I normally make 1 trade every 2ish days. ",1kue7b7,I recently discovered NVDA options are a hell of a Drug,2025-05-24 15:26:17 +0000 UTC,133,592,0.94
Pitiful-Cranberry-78,t2_bo18kj7x,Follow up from last week. +20k in two weeks. ,1kuc0xb,What a week üòÆ‚Äçüí®,2025-05-24 13:47:35 +0000 UTC,22,190,0.95
doctorqaz,t2_272glnsl,NVDA CALLS ALL IN ,1kubxyz,Nvidia to launch cheaper Blackwell AI chip for China after U.S. export curbs,2025-05-24 13:43:42 +0000 UTC,42,492,0.94
Alarming_Ad_5946,t2_65gn2zu0,"Got into puts after CEO left. Took the first screenshot, sold some some, and when i had made 25k, i took another screenshot. 

Should've posted early but was too busy spending.

Cheers, lads. ",1ku4auu,Is it too late to post UNH gains?,2025-05-24 05:38:14 +0000 UTC,25,78,0.85
just-tri-hard,t2_qfdx4472,"average down, then average down again , and again ",1ku0t92,if at first it doesn‚Äôt work,2025-05-24 02:11:47 +0000 UTC,34,132,0.95
just-tri-hard,t2_qfdx4472,need a quarter m in my bank rq,1ku0qem,ATH in june,2025-05-24 02:07:28 +0000 UTC,74,222,0.9
FinalFerrex,t2_14by52,,1ktwwab,"NVDA &amp; GOOG Puts Gains, Sold All Puts on Market Open",2025-05-23 22:50:20 +0000 UTC,10,64,0.9
Prestigious-Fold9452,t2_rf9wfh7d,I caught the jump on US steel. Will it continue to fly next week? Eying the 2008 chart üëÄ ,1ktw6u1,US steel gainz,2025-05-23 22:16:44 +0000 UTC,20,73,0.9
savemoney_god,t2_897jkhu8,How'd i do guys?,1ktvo5o,"OK Gains, I Guess",2025-05-23 21:53:28 +0000 UTC,9,40,0.86
Alarming_Ad_5946,t2_65gn2zu0,"happy hunting, lads",1ktui4f,spy puts go in the money,2025-05-23 21:02:44 +0000 UTC,10,31,0.88
azavio,t2_8oubhqdo,"https://www.cnbc.com/2025/05/23/trump-greenlights-nippon-merger-with-us-steel.html

President Trump announced a ‚Äúplanned partnership‚Äù between U.S. Steel and Japan‚Äôs Nippon Steel, following the blocked $14.9B acquisition over national security concerns. Trump claimed the deal would create 70,000 jobs and add $14B to the U.S. economy, with most investment over 14 months. U.S. Steel will stay in Pittsburgh. Shares surged 24%. 

https://nypost.com/2025/05/23/us-news/japan-based-nippon-steel-can-invest-in-us-steel-trump-says/",1ktt5kf,Trump greenlights Nippon merger with US Steel,2025-05-23 20:04:49 +0000 UTC,437,3548,0.96
wsbapp,t2_qbvp0eq8b,This post contains content not supported on old Reddit. [Click here to view the full post](https://sh.reddit.com/r/wallstreetbets/comments/1ktszet),1ktszet,"Weekend Discussion Thread for the Weekend of May 23, 2025",2025-05-23 19:57:42 +0000 UTC,11520,170,0.95
callsonreddit,t2_1krg83z0nc,"No paywall: [https://www.investing.com/news/stock-market-news/informatica-stock-soars-on-acquisition-talks-salesforce-dips-4062421](https://www.investing.com/news/stock-market-news/informatica-stock-soars-on-acquisition-talks-salesforce-dips-4062421)

[Investing.com](http://Investing.com) \-- Shares of Informatica (NYSE: INFA) surged over 20% today after reports emerged that Salesforce (NYSE: NYSE:CRM) is in renewed talks to acquire the cloud data management firm. The news, first reported by Bloomberg, has reignited interest in a deal that was previously considered but did not materialize last year. Meanwhile, Salesforce stock fell 3% amidst the speculation.

According to sources familiar with the situation, the acquisition discussions are ongoing, and an agreement could be announced as early as next week. However, they also cautioned that no final decision has been made, and the talks could still fall through. It was also noted that another potential buyer, Cloud Software Group, has expressed interest in Informatica.

The movement in both stocks reflects investor reactions to the potential acquisition. For Informatica, the surge in stock price indicates a positive market response to the possibility of being acquired by a larger player like Salesforce. On the other hand, Salesforce‚Äôs dip may be attributed to concerns over the cost and integration challenges of such a deal.

As the talks are private, the details remain speculative, and the companies have not issued any official statements regarding the potential acquisition.¬Ý",1ktskpw,Informatica soars 23% as Salesforce reportedly revives acquisition talks,2025-05-23 19:39:59 +0000 UTC,7,27,0.94
Brolic_Broccoli,t2_gvboc,"Woke up this morning, saw tariffs bought puts. Lost $800. Said fuck it let's buy calls. Held a little to long but still came out with $1,300 profit. ",1ktshh7,Tarrifs = Puts? Not in this Economy,2025-05-23 19:36:09 +0000 UTC,31,218,0.94
_thispageexists,t2_9zf241hrl,,1ktseue,APPL calls,2025-05-23 19:32:53 +0000 UTC,63,48,0.86
getaloaf,t2_jmjlxqjm,"There‚Äôs no reason this should be dipping this much with price targets averaging around $48. Every time it dips it comes back hard in a month. My play is two months out options for a quick reversal. 
",1ktrcyt,Next play - all in on draftkings $DKNG,2025-05-23 18:48:59 +0000 UTC,8,44,0.89
No-Deer8502,t2_joa5i7ot,,1ktracl,Wendy's application is on hold,2025-05-23 18:46:04 +0000 UTC,7,106,0.96
deadman1898,t2_3kgyy4sp,"Bought 62 SMCI $39.5 puts on 5/21 because... idk, vibes felt bearish and caffeine was hitting.

Sold today at $1.64. 134% gain. Basically Warren Buffett now ‚Äî but with worse hair and more anxiety.

SMCI hanging at $39.61 like it knows my breakeven is $38.80 and it‚Äôs just messing with me for sport.  
Theta starting to nibble, didn‚Äôt want it turning into a full-course meal over the weekend.

Took the win, walked away. Might jump back in if it farts below $39 next week.

Who else in this? Anyone diamond-handing into expiry like it‚Äôs a Marvel origin story?

Let me know so I can either cheer you on or cry with you. ü´°",1ktr19o,üíÄ YOLO‚Äôd SMCI Puts @ $0.70 ‚Üí Cashed Out @ $1.64 üí∞ ‚Äî I Am Now Legally a Financial Genius (Until Monday),2025-05-23 18:35:35 +0000 UTC,16,78,0.91
NIK4EVA,t2_3ipvs,Had Puts Queed Up and waited until someone asked him about the EU tarrifs and exited while he was answering ,1ktqyda,Thank You ü•≠ Ez 75% in 1.5 mins,2025-05-23 18:32:13 +0000 UTC,20,37,0.84
EdgeOverAverage,t2_1olqb6jv4m,Quite bad when you only get less than 5 minutes to decide if the dip is being bought up. ü§£,1ktqgde,Spy puts printed. I didn‚Äôt sell fast enough this morning‚Ä¶,2025-05-23 18:11:52 +0000 UTC,15,30,0.81
RobBoost330,t2_13rrem,These yolo plays are giving me palpitations. But it sure feels good to sell before close in the green,1ktqfw6,Typical day for my heart and my chart,2025-05-23 18:11:18 +0000 UTC,12,36,0.87
PlandomeProwler,t2_2yo5urid,"Vg took a bath on its $25 IPO due to some lawsuits and some EU partners that said they would refuse to buy from VG due to not following through with some contacts quick enough. The Stock plunged badly but VG kept at it and is not set to become the largest exporter of LNG in all of the USA. this company will get back to IPO price and beyond and is a steal at these levels IMO 

  
Long 4,000 shares Average price $12.15 

PS I know this stock is heavily shorted as Schwab is paying me 4% a month to borrow my shares 

I think with the right upward trajectory and volume this can gap back to IPO price pretty quickly. 

My Position is in the image ",1ktq15j,Venture Global (VG) Set to Become the Largest LNG Player in America,2025-05-23 17:54:43 +0000 UTC,21,15,0.89
Individual_Guide_318,t2_91z9945n,"I bought today AES + PFE + PFE options with strike price 27.5$ December 2025.   
Here is why:  
  
Tomorrow, I‚Äôm entering a position in Pfizer Inc. (NYSE: PFE)‚Äîa globally recognized pharmaceutical giant with strong fundamentals and an attractive technical setup.  
  
Pfizer maintains a solid revenue base, reporting $62.46 billion in total revenue in the last fiscal year. Despite recent fluctuations, its profitability remains intact, with a gross profit of $45.15 billion. The company continues to invest in drug innovation and strategic acquisitions, ensuring long-term growth.  
  
Pfizer is a consistent dividend payer, making it an attractive choice for income-focused investors. Its dividend yield remains competitive, reinforcing its appeal as a long-term hold.  
  
I see strong upside potential ‚Äî both technically and fundamentally. Now is the perfect time to enter.

\+

AES has a solid business model, strong cash flow, and strategic growth in the energy sector.  
Harmonic patterns indicate an ideal buying opportunity, further confirmed by negative divergence on the RSI indicator.  
I expect not only capital appreciation but also passive income through dividends, with strong upside potential in the coming months.  
  
I see significant growth ahead‚Äînow is the perfect time to enter.

That's it guys. ",1ktq10r,Let's try like this - I bought today AES and PFE,2025-05-23 17:54:33 +0000 UTC,24,8,0.67
Jojn20,t2_85jsp0z1,,1ktpvje,Revenge traded my losses back from AAPL,2025-05-23 17:48:19 +0000 UTC,1,24,0.96
spellbreaker,t2_9etxo,,1ktpsim,Thanks GOOGL,2025-05-23 17:44:47 +0000 UTC,36,734,0.97
Material_Actuary_332,t2_mvnlh2pt9,thank you spy for this little profit i bought these contracts at 20 cents last night. any other bear make money this morning?,1ktpkb8,Did any other bear make money?,2025-05-23 17:35:29 +0000 UTC,11,12,0.8
Sub40IQ,t2_a6282kdy,I‚Äôm back from my posting hiatus after being previously wiped. Position‚Äôs for today are the second slide with my all time being the last.,1ktpj0r,99% of gamblers quit before their big win,2025-05-23 17:34:07 +0000 UTC,116,1270,0.95
chickentendiesammy,t2_6wucxv53,20k on red sir!,1ktp2gr,20k TSLA Put 6/27 $300p,2025-05-23 17:15:58 +0000 UTC,70,81,0.89
Naive_Video1887,t2_1ojzlq5smr,,1ktp0d4,"UNH printed, and so did my puts ‚Äî +59% in a day.",2025-05-23 17:13:40 +0000 UTC,22,55,0.82
CSCronus,t2_a5xv3ac,,1ktouv7,No clue what MVST does but Y‚Äôall told me about it,2025-05-23 17:07:36 +0000 UTC,21,52,0.94
FFVIIGuru,t2_k1hp9,"The old adage is still true: ‚ÄúBuy when others panic, sell when others get greedy,‚Äù provided you don't scare yourself out of your wits first.",1ktocpy,"Seizing the opportunity like a ninja, hims wrapped my lunch and some impulse spending",2025-05-23 16:47:22 +0000 UTC,8,58,0.93
Mental-Honeydew-6290,t2_bcy9naasq,How fucked am I?,1ktnmh0,Fuck this weeküîªüòî,2025-05-23 16:17:18 +0000 UTC,96,440,0.94
throwawayben1992,t2_zmjix,,1ktnlfv,$30k &gt; $135k,2025-05-23 16:16:07 +0000 UTC,13,168,0.96
LordoftheEyez,t2_523rcr2t,"Nice 3 day hold on these, sold right near the bottom after open today, didn't want to risk another V shape",1ktmanm,Thanks tariff man,2025-05-23 15:23:24 +0000 UTC,25,127,0.91
RoyTheRoyalBoy,t2_gs1kj,"Hello Everyone,

It's me again, the guy who made a lot of money off of UVIX: [https://www.reddit.com/r/wallstreetbets/comments/1jwdal8/i\_allind\_and\_held\_400k\_in\_uvix\_for\_6\_months\_i/](https://www.reddit.com/r/wallstreetbets/comments/1jwdal8/i_allind_and_held_400k_in_uvix_for_6_months_i/)

I don't typically like to announce my play before I've sold in fear of jinxing myself, but I also am pretty confident about this one and it's not really fair of me to just keep posting my Ws after the facts, so here's a post to tell you what I'm up to and maybe you guys can join along for the ride. Against my better judgement, I have gotten back into UVIX... but at least this time, it's only half of my portfolio! (still 400k)

On Wednesday, SPY dropped 1.5% off of a bad news for once, so I have already changed my view on the market sentiment, and decided to go half bear. I bought UVIX after the drop at $32, and after some Trump tweets, it is now sitting at roughly $35 per share, a quick 10% gain. I can see SPY dropping down to 560 near term, so I bought in a little bit more. I plan to sell some shares when SPY does hit 560, and I'll see how the market continues to act and what else Trump ends up saying at that point.

https://preview.redd.it/wdd20xpplj2f1.png?width=1812&amp;format=png&amp;auto=webp&amp;s=e534dc0a587751e9856603d5bb6bccbf9aa6de7f

Let's see if this plays out favorably for me, and best of luck to those who also decide to join in, may we prevail!

Disclaimer: This is not financial advice, enter at your OWN risk.",1ktl5m8,I have relapsed into UVIX,2025-05-23 14:36:39 +0000 UTC,52,130,0.93
beepboopbeep14,t2_lg70s,"yolo'ed some puts yesterday, sold at open. finally a win :)",1ktkyd6,thank you tarrifs,2025-05-23 14:28:00 +0000 UTC,96,265,0.91
strangeanswers,t2_uv0qxu5,,1ktkudi,trump nuclear EO quick gains,2025-05-23 14:23:10 +0000 UTC,6,41,0.89
Pangolin_farmer,t2_604i8kws,Sold naked calls on Tesla. $350 is the top.,1ktkoww,Big ü•ú Small üßÝ,2025-05-23 14:16:34 +0000 UTC,5,40,0.91
Khanquebueno,t2_15p6p7,"Bought 15x SPY $593P (5/27 expiry) for $3.76 Woke up expecting just a little red Instead got a full on market panic buffet

Saw IV pop and price spike like a meme stock‚Äînow sitting on $15.77 per contract That‚Äôs a clean +300% from entry $19K unrealized

Was this trade based on deep macro analysis  
Nah just saw the setup, took the shot and the market delivered

Things I‚Äôm **not** doing right now

* Getting greedy
* Overstaying my welcome
* Pretending this wasn‚Äôt mostly timing and vibes

Not every day you catch a candle like this. Taking the win and rolling out the back like Batman 

Stay sharp out there",1ktko5u,SPY flushed and my $593P went nuclear  +$19K,2025-05-23 14:15:43 +0000 UTC,19,187,0.94
Psychological_Ask301,t2_a0g1gmof,"Still holding the bulk of my $7M LCID YOLO from the post that crossed 1M views. Took $450K off the table after a 10c gain and shifted it into AMC at $3.09.

Why AMC?
	‚Ä¢	Trend line break with follow-through
	‚Ä¢	Short-term double bottom forming
	‚Ä¢	Other meme stock with a G is running with Bitcoin ‚Äî AMC is the obvious sympathy play
	‚Ä¢	Meme momentum rotation looks alive
	‚Ä¢	Setup looked too clean to ignore

Not overthinking it. Just reacting to the chart and sentiment shifts.",1ktkdvs,Rolled $450K from my $7M LCID position into AMC at $3.09 ‚Äî trend line break with follow-through + meme sympathy setup,2025-05-23 14:03:40 +0000 UTC,76,44,0.73
Papo_of_the_papos,t2_61f48hyb,,1ktjvxw,"This will print right, I followed WSB daily post advice",2025-05-23 13:42:31 +0000 UTC,35,53,0.9
OSRSkarma,t2_17bz2ly0,,1ktjv9m,Weekly Earnings Thread 5/26 - 5/30,2025-05-23 13:41:40 +0000 UTC,353,110,0.95
Parfilo,t2_g4oel,Should I hold until expiration?,1ktjpmq,This is why we hold,2025-05-23 13:34:33 +0000 UTC,59,362,0.95
ken201204,t2_7i741,,1ktiwzz,It's all about Apples and Oranges,2025-05-23 12:57:47 +0000 UTC,21,74,0.93
dylanologist,t2_bdyrb,This passes for news. Somebody has been assigned the WSB stupidity beat.,1ktgtas,WSB in the news.,2025-05-23 11:08:34 +0000 UTC,114,1368,0.98
wsbapp,t2_qbvp0eq8b,This post contains content not supported on old Reddit. [Click here to view the full post](https://sh.reddit.com/r/wallstreetbets/comments/1ktfo4f),1ktfo4f,"Daily Discussion Thread for May 23, 2025",2025-05-23 09:57:27 +0000 UTC,17792,242,0.96
Ryu6912,t2_5fjaa,Don't worry I didn't go full retard this is filtered to showcase these brilliant next level plays I made from the Cramer sponsored pump and dump last week. Made $30K with NVDA and META calls before the china deal only to set it on fire a week later with this big brain move. ,1kt9twb,"Impressive, very nice. Now let's see Paul Allen's losses.",2025-05-23 03:30:40 +0000 UTC,58,669,0.98
Sensitive_Reveal_227,t2_5vk118rd,"Sold the house. Cleared about $120K. Wife said, ‚ÄúPut it somewhere safe.‚Äù I said, hold my beer bitch, then funneled $100K into Fidelity and bought 303 shares of UnitedHealth (UNH).

Why UNH? Because America‚Äôs not gonna stop getting sick. Fat, old, diabetic, stressed out, healthcare is the last thing people cut. And UNH is built like a tank. Major insider buying too.

Told the wife the money is safe in a high-yield savings account. Technically not wrong‚Ä¶ Now I just need to convince to stall on the purchase of our next home üòÇ

Till death do us part!!",1kt8b8d,I took $100K from our house sale and bought 303 shares of UNH. Wife thinks it's in a high-yield savings account.,2025-05-23 02:08:44 +0000 UTC,2718,9656,0.79
Prize_Investment1447,t2_yyuu10evf,,1kt70ch,"Following through with this one, bought at the sell off the other day.",2025-05-23 01:01:05 +0000 UTC,29,35,0.89
NoPositive4379,t2_13dsnchd0u,How fucked am I ,1kt5kvl,How efffed am I,2025-05-22 23:48:05 +0000 UTC,94,57,0.86
MikeMikeGaming,t2_129jlh,,1kt5kih,Guys! The casino has a 24/7 mode now!,2025-05-22 23:47:35 +0000 UTC,47,175,0.92
Medellin93,t2_1o0v05sa,"may or may not be a hedge for my short position on another platform. may or may not be down $20k+

loss porn coming soon",1kt5eku,QBTS baggie,2025-05-22 23:39:41 +0000 UTC,16,26,0.83
ChaneyChonga,t2_9c5yel0,"Sold my palantir, but now I feel empty inside.

",1kt3u4r,Thank you papa karp,2025-05-22 22:25:28 +0000 UTC,29,258,0.91
AlfalfaTemporary8831,t2_f4kllt16p,https://www.reuters.com/business/energy/trump-sign-orders-boost-nuclear-power-soon-friday-sources-say-2025-05-22/?utm_source=chatgpt.com,1kt3lwm,Trump to sign orders to boost nuclear power &amp; uranium mining,2025-05-22 22:15:12 +0000 UTC,440,3255,0.96
Masterkey2024,t2_zxm0bd5i8,I‚Äôm new to stocks and while I learn I figured I should park my money in a dividend stock. What do you think about WLKP? Really wanting to get thoughts from experienced investors on the stock. Good move or better off in a better dividend stock. Thanks for any feedback good or bad. My current position ,1kt3ax3,Thoughts on WLKP?,2025-05-22 22:01:50 +0000 UTC,7,3,0.71
Force_Hammer,t2_11pumi,,1kt26st,"Intuit tops Wall Street estimates after tax season, issues strong guidance",2025-05-22 21:14:21 +0000 UTC,2,12,0.81
callsonreddit,t2_1krg83z0nc,"No paywall: [https://finance.yahoo.com/news/ionq-stock-surges-strategic-quantum-173000536.html](https://finance.yahoo.com/news/ionq-stock-surges-strategic-quantum-173000536.html)

What Happened?

Shares of quantum computing company IonQ (NYSE:IONQ) jumped 36.3% in the afternoon session after renewed enthusiasm for quantum computing following the sharp pullback in the first quarter of the year.

While specific news for the day wasn't immediately apparent to have caused a major surge, the company has had a series of positive announcements, including strong Q1 2025 earnings that beat analyst estimates.

Earlier in the week, the company announced a collaboration with Swedish company Einride to develop quantum solutions for fleet routing, logistics optimization, and supply chain solutions. This would also extend to Einride's autonomous and electric fleet operations worldwide, two of the fast evolving tech markets, which hold a lot of opportunities and growth potential.

Adding to the optimism, the company's CEO reiterated its ambitious mission to become the 'Nvidia of quantum computing' in an interview with Barron's.

The shares closed the day at $45.88, up 36.9% from previous close.

Is now the time to buy IonQ?¬ÝAccess our full analysis report here, it‚Äôs free.

What The Market Is Telling Us

IonQ‚Äôs shares are extremely volatile and have had 105 moves greater than 5% over the last year. But moves this big are rare even for IonQ and indicate this news significantly impacted the market‚Äôs perception of the business.

The previous big move we wrote about was about 1 month ago when the stock gained 7.9% on the news that investor sentiment improved on renewed optimism that the US-China trade conflict might be nearing a resolution. According to reports, Treasury Secretary Scott Bessent reinforced this positive outlook by describing the trade war as ""unsustainable,"" and emphasized that a potential agreement between the two economic powers ""was possible."" His comments signaled to markets that both sides might be motivated to seek common ground, raising expectations for reduced tariffs and more stability across markets.

IonQ is up 4.4% since the beginning of the year, but at $45.01 per share, it is still trading 11.9% below its 52-week high of $51.07 from January 2025. Investors who bought $1,000 worth of IonQ‚Äôs shares at the IPO in January 2021 would now be looking at an investment worth $4,168.

Today‚Äôs young investors likely haven‚Äôt read the timeless lessons in Gorilla Game: Picking Winners In High Technology because it was written more than 20 years ago when Microsoft and Apple were first establishing their supremacy. But if we apply the same principles, then enterprise software stocks leveraging their own generative AI capabilities may well be the Gorillas of the future. So, in that spirit, we are excited to present our Special Free Report on¬Ýa profitable, fast-growing enterprise software stock that is already riding the automation wave and looking to catch the generative AI next.",1kt1igi,"IonQ Jumps 40% on Earnings Beat, Quantum Logistics Deal With Einride, and CEO's 'Nvidia of Quantum' Vision",2025-05-22 20:46:56 +0000 UTC,23,39,0.85
tendiesnatcher69,t2_12idif39y9,"I think I‚Äôm really done this time. 236 puts auto closed when it was 417.10, ten minutes before they all went in the money on a three dollar drop. ",1kt1d4t,Blew my account again,2025-05-22 20:40:59 +0000 UTC,150,134,0.9
Algeroth81,t2_a0zjn1df,,1kt16os,When you believe. You believe. Five years in the making.,2025-05-22 20:33:44 +0000 UTC,175,2071,0.96
FullyLoadedClipsYT,t2_16uzl54200,"
üìä Chart Overview (5-Day Trend)

	‚Ä¢	Current Price: $2.81 CAD (up +1.08%)
	‚Ä¢	Recent High: $2.95
	‚Ä¢	Recent Low: ~$2.34
	‚Ä¢	Trend: The price shows a strong bullish trend from May 15‚Äì21, rallying from approximately $2.40 to near $2.95 before a slight retracement.
	‚Ä¢	Volume: Low and sporadic, suggesting minimal retail-driven volatility; institutional or algorithmic moves might be more likely in play.

üîç Technical Analysis

1. Support &amp; Resistance

	‚Ä¢	Support Levels:
	‚Ä¢	$2.60 (minor)
	‚Ä¢	$2.40 (strong support zone from early May)
	‚Ä¢	Resistance:
	‚Ä¢	$2.90 (short-term cap; price rejected at this level multiple times)
	‚Ä¢	$3.00 (psychological barrier)

2. Momentum

	‚Ä¢	Upward price momentum suggests accumulation phase.
	‚Ä¢	The retracement around May 21‚Äì22 seems to be a healthy consolidation, not a breakdown.

3. Patterns

	‚Ä¢	The chart shows a cup-with-handle-like formation, which is often a bullish continuation pattern.
	‚Ä¢	If the $2.90 resistance is broken with volume, a breakout toward $3.20‚Äì$3.30 could occur.

üìà Short-Term Prediction (Next 1‚Äì3 Weeks)

Assuming broader market stability and continued bullish momentum in the crypto sector:

	‚Ä¢	Bullish Scenario: Break above $2.90 with volume could push the stock to $3.20‚Äì$3.30.
	‚Ä¢	Neutral Scenario: Sideways movement between $2.70 and $2.90.
	‚Ä¢	Bearish Risk: Drop below $2.60 support could lead to a retest of $2.40.

üåê Macro &amp; Company Outlook (2025)

Hive Digital Technologies Ltd. has pivoted from purely blockchain/crypto mining into AI and high-performance computing infrastructure, which positions it well in two high-growth sectors:

	‚Ä¢	Bitcoin &amp; Ethereum Mining: If crypto markets continue to rally (especially post-Bitcoin halving), revenue could increase significantly.
	‚Ä¢	AI Data Center Expansion: Hive has been repurposing mining infrastructure for AI compute, a strong growth angle in 2025.

üîÆ 2025 Forecast

If:

	‚Ä¢	Bitcoin stays above $80k usd
	‚Ä¢	Hive expands GPU infrastructure for AI compute
	‚Ä¢	Power costs remain manageable

Then HIVE.V could see upside toward $5.00-8.00 CAD over the next 6‚Äì12 months.

However, risk factors include:

	‚Ä¢	Bitcoin/Ethereum price volatility
	‚Ä¢	High electricity costs
	‚Ä¢	Regulatory shifts in crypto/AI sectors

‚úÖ Summary

	‚Ä¢	Short-Term Outlook: Mildly bullish, possible breakout above $2.90.
	‚Ä¢	Mid-Term (3‚Äì6 mo): Bullish if crypto markets remain strong.
	‚Ä¢	Long-Term (2025): High upside if Hive executes AI/compute pivot well, but volatility remains a risk.

As of May 22, 2025, here‚Äôs a technical analysis of HIVE Digital Technologies Ltd. (HIVE.V), focusing on key indicators:Ôøº

üìä Technical Indicators Summary

	‚Ä¢	Relative Strength Index (RSI 14): 53.03 ‚Äì Neutral, indicating neither overbought nor oversold conditions. Ôø